"space_id","space_name","space_type","building_id","floor_id","lattitude","longitude"
103,Multipurpose Science & Technology Bldg.,Building,,,,
2,Public Services,Building,,,,
48,William J. Gillespie Performance Studios,Building,,,,
122,Tamkin Student Lecture Building,Building,,,,
47,Contemporary Arts Center,Building,,,,
155,Verano Place 67000,Building,,,,
17,Student Center,Building,,,,
60,Anteater Stadium,Building,,,,
139,California Univ Research Park,Building,,,,
147,Anteater Community Resource Center,Building,,,,
123,Medical Sciences Classroom Facility,Building,,,,
90,Summer Session B,Building,,,,
91,Summer Session A,Building,,,,
117,Medical Surge I,Building,,,,
152,Tierney Uni House,Building,,,,
102,Physical Sciences Classroom Building,Building,,,,
76,Mesa Arts Building,Building,,,,
53,Medical Education Building,Building,,,,
135,Anteater Instruction & Research Building,Building,,,,
144,Innovation Univ Research Park,Building,,,,
13,Facilities Management Shops,Building,,,,
64,Multipurpose Academic & Administrative Bldg.,Building,,,,
84,Faculty Research Facility,Building,,,,
9,Starbucks Kiosk,Building,,,,
75,Biological Sciences III,Building,,,,
18,Social Science Tower,Building,,,,
22,Merage School of Business,Building,,,,
34,Bison Modular,Building,,,,
61,Anteater Ballpark/Newkirk Pavilion,Building,,,,
157,Verano Place Housing Office,Building,,,,
132,Physical Sciences High Bay,Building,,,,
69,Infant/Toddler Center 1,Building,,,,
77,Humanities Instructional Building,Building,,,,
104,Administrative Modular,Building,,,,
43,Field Building,Building,,,,
54,Sue & Bill Gross Hall: A CIRM Institute,Building,,,,
150,Theory Univ Research Park,Building,,,,
37,Arts Annex,Building,,,,
112,Drama Building,Building,,,,
4,Facilities Management Building,Building,,,,
142,Middle Earth Pippin Commons,Building,,,,
108,Mesa Office Building,Building,,,,
137,Medical Sciences A Annex,Building,,,,
97,Disability Services Center,Building,,,,
35,Ayala Science Library,Building,,,,
21,Merage School of Business II,Building,,,,
33,Bonney Research Laboratory,Building,,,,
100,Engineering Laboratory Facility,Building,,,,
98,Interim Classroom Facility,Building,,,,
116,Berk Hall/Nursing Science,Building,,,,
1,Student Health Center,Building,,,,
62,Crawford Clubhouse,Building,,,,
73,Croul Hall,Building,,,,
129,Engineering Gateway,Building,,,,
50,Medical Surge II,Building,,,,
159,Verano Place Preschool,Building,,,,
19,Phoenix Food Court,Building,,,,
16,"Student Services I, II",Building,,,,
136,"Art, Culture & Technology",Building,,,,
128,Donald Bren Hall,Building,,,,
26,Engineering Tower,Building,,,,
106,Howard Schneiderman Lecture Hall,Building,,,,
27,Engineering Hall,Building,,,,
20,Social Ecology I,Building,,,,
5,Langson Library,Building,,,,
45,Claire Trevor Theatre,Building,,,,
131,Parkview Classroom Building,Building,,,,
55,Gavin Herbert Eye Institute,Building,,,,
126,Social Science Plaza B,Building,,,,
7,Early Childhood Education Center,Building,,,,
95,Information & Computer Science 2,Building,,,,
118,Medical Sciences B,Building,,,,
88,Social Science Lecture Hall,Building,,,,
85,Social Science Hall,Building,,,,
32,Qureshey Research Laboratory,Building,,,,
101,Physical Sciences Lecture Hall,Building,,,,
89,near Merage School of Business II,Building,,,,
120,Beckman Laser Institute,Building,,,,
70,Student Health Center II,Building,,,,
36,KUCI Radio Station,Building,,,,
40,Anteater Learning Pavilion,Building,,,,
66,Rowland Hall,Building,,,,
74,McGaugh Hall,Building,,,,
3,Continuing Education,Building,,,,
56,Building Services Bldg.,Building,,,,
71,Social & Behavioral Sciences Gateway,Building,,,,
67,Law Building,Building,,,,
59,Track & Field House,Building,,,,
158,Verano Place Extended Day Care,Building,,,,
134,Humanities Gateway,Building,,,,
93,Continuing Education 3,Building,,,,
94,Continuing Education 6,Building,,,,
92,Continuing Education 4,Building,,,,
24,Continuing Education 5,Building,,,,
63,Aldrich Hall,Building,,,,
79,Gottschalk Medical Plaza,Building,,,,
42,Court Building,Building,,,,
12,Arboretum,Building,,,,
10,Crawford Hall,Building,,,,
127,Social Ecology II,Building,,,,
151,Theory Dr Univ Research Park,Building,,,,
111,Arts Instruction & Technology Resource Center,Building,,,,
87,Social Science Trailer,Building,,,,
141,Centerpointe,Building,,,,
146,ICHA Poolhouse #4,Building,,,,
83,Child Development Center,Building,,,,
124,Irvine Hall,Building,,,,
133,Natural Sciences I,Building,,,,
154,Verano Place Cyber Caf√© (3400),Building,,,,
99,Engineering & Computing Trailer,Building,,,,
44,Winifred Smith Hall,Building,,,,
143,Arroyo Vista Housing Office,Building,,,,
57,Bren Events Center,Building,,,,
72,Env. Health & Safety Services Facility,Building,,,,
153,University Tower,Building,,,,
148,Palo Verde 2 Housing Office,Building,,,,
115,Music & Media Building,Building,,,,
38,pippin,Building,,,,
23,Banning House,Building,,,,
52,Medical Sciences E,Building,,,,
41,Anteater Recreation Center (ARC),Building,,,,
119,Medical Sciences A,Building,,,,
6,Social Science Plaza A,Building,,,,
121,Medical Sciences C,Building,,,,
39,Humanities Hall,Building,,,,
114,Studio Four,Building,,,,
49,Cafe Med,Building,,,,
81,Sprague Hall,Building,,,,
149,Student Center Parking Structure,Building,,,,
51,"Medical Sciences D, Cheney Hall",Building,,,,
14,Gateway Study Center,Building,,,,
11,Receiving,Building,,,,
109,Krieger Hall,Building,,,,
15,Cross-Cultural Center,Building,,,,
138,Academy Univ. Research Park,Building,,,,
145,Uni Hills Community Ctr,Building,,,,
29,Calif. Inst. for Telecom. & Info. Tech.,Building,,,,
107,Infant/Toddler Center 2,Building,,,,
28,Rockwell Engineering Center,Building,,,,
86,Social Science Laboratory,Building,,,,
110,Intercollegiate Athletics Building,Building,,,,
130,Natural Sciences II,Building,,,,
125,Grounds Maintenance Facility,Building,,,,
8,Electrical Substation,Building,,,,
105,Newkirk Alumni Center,Building,,,,
78,Production Studio,Building,,,,
30,Frederick Reines Hall,Building,,,,
96,Engineering Lecture Hall,Building,,,,
31,B.C.s Cavern Food Court,Building,,,,
65,Education Building,Building,,,,
25,Information & Computer Science,Building,,,,
80,Gillespie Neuroscience Research Facility,Building,,,,
46,Robert Cohen Theatre & Dance Studios,Building,,,,
58,Central Plant,Building,,,,
140,Childrens Center,Building,,,,
156,Verano Place 68000,Building,,,,
82,Hewitt Research Hall,Building,,,,
68,Steinhaus Hall,Building,,,,
113,Art Studio,Building,,,,
232,"1",Floor,52,,,
214,"1",Floor,37,,,
381,"2",Floor,111,,,
507,"1",Floor,146,,,
246,"1",Floor,61,,,
519,"2",Floor,153,,,
258,b,Floor,68,,,
434,"2",Floor,27,,,
391,"2",Floor,116,,,
480,"1",Floor,135,,,
247,"2",Floor,61,,,
376,"3",Floor,77,,,
514,"2",Floor,150,,,
359,"3",Floor,68,,,
283,b,Floor,80,,,
210,"4",Floor,35,,,
226,"1",Floor,46,,,
417,"1",Floor,126,,,
326,"2",Floor,26,,,
319,"1",Floor,91,,,
458,"1",Floor,131,,,
377,"4",Floor,77,,,
338,"1",Floor,97,,,
284,b,Floor,81,,,
225,"1",Floor,45,,,
328,"4",Floor,26,,,
304,"1",Floor,85,,,
196,"2",Floor,25,,,
235,"2",Floor,54,,,
275,"3",Floor,76,,,
194,"1",Floor,24,,,
511,"5",Floor,148,,,
443,"6",Floor,128,,,
295,"1",Floor,63,,,
187,"6",Floor,18,,,
407,"1",Floor,81,,,
430,"2",Floor,22,,,
455,"3",Floor,130,,,
177,"2",Floor,5,,,
330,"6",Floor,26,,,
490,"1",Floor,79,,,
384,"1",Floor,113,,,
269,"3",Floor,67,,,
389,"3",Floor,115,,,
352,"2",Floor,103,,,
273,"1",Floor,76,,,
212,"6",Floor,35,,,
481,"2",Floor,135,,,
502,"1",Floor,141,,,
495,"2",Floor,82,,,
399,"2",Floor,121,,,
453,"1",Floor,130,,,
279,"1",Floor,78,,,
332,"8",Floor,26,,,
510,"2",Floor,148,,,
205,"2",Floor,32,,,
447,"4",Floor,129,,,
175,"2",Floor,14,,,
358,"2",Floor,68,,,
172,"2",Floor,11,,,
313,"2",Floor,89,,,
439,"2",Floor,128,,,
299,"5",Floor,63,,,
198,"1",Floor,27,,,
354,"1",Floor,105,,,
364,"3",Floor,35,,,
270,"4",Floor,67,,,
317,"1",Floor,90,,,
298,"4",Floor,63,,,
463,"3",Floor,73,,,
449,"2",Floor,30,,,
268,b,Floor,73,,,
204,"1",Floor,31,,,
483,"4",Floor,135,,,
444,"1",Floor,129,,,
403,"1",Floor,122,,,
227,"1",Floor,47,,,
492,"3",Floor,53,,,
321,"1",Floor,92,,,
249,b,Floor,63,,,
243,"1",Floor,10,,,
188,"7",Floor,18,,,
394,"2",Floor,50,,,
349,"1",Floor,102,,,
361,"5",Floor,68,,,
316,"4",Floor,21,,,
236,"3",Floor,54,,,
485,"3",Floor,47,,,
337,"3",Floor,28,,,
469,"1",Floor,133,,,
290,"1",Floor,4,,,
216,"1",Floor,39,,,
282,b,Floor,53,,,
386,"2",Floor,114,,,
315,"3",Floor,21,,,
418,"2",Floor,126,,,
277,b,Floor,77,,,
524,"1",Floor,157,,,
259,"1",Floor,69,,,
242,"2",Floor,58,,,
503,"1",Floor,142,,,
347,"5",Floor,66,,,
428,"2",Floor,127,,,
520,"3",Floor,153,,,
429,"3",Floor,127,,,
369,"3",Floor,109,,,
486,"4",Floor,47,,,
526,"1",Floor,159,,,
322,"1",Floor,93,,,
498,"2",Floor,138,,,
355,"2",Floor,105,,,
523,"1",Floor,156,,,
293,"5",Floor,5,,,
497,"1",Floor,138,,,
294,"2",Floor,16,,,
466,"3",Floor,74,,,
357,"1",Floor,68,,,
398,"2",Floor,79,,,
260,"1",Floor,70,,,
185,"4",Floor,18,,,
323,"1",Floor,94,,,
211,"5",Floor,35,,,
287,b,Floor,54,,,
272,b,Floor,75,,,
464,"1",Floor,74,,,
228,"1",Floor,48,,,
413,"2",Floor,6,,,
362,"1",Floor,32,,,
292,"1",Floor,14,,,
271,b,Floor,74,,,
473,"1",Floor,75,,,
240,"1",Floor,57,,,
237,"4",Floor,54,,,
506,"1",Floor,145,,,
508,"1",Floor,147,,,
424,"3",Floor,71,,,
297,"3",Floor,63,,,
206,"3",Floor,32,,,
425,"4",Floor,71,,,
409,"3",Floor,81,,,
378,"1",Floor,110,,,
219,"3",Floor,40,,,
493,"1",Floor,80,,,
375,"2",Floor,77,,,
408,"2",Floor,81,,,
501,"1",Floor,140,,,
496,"3",Floor,55,,,
306,"1",Floor,86,,,
365,"1",Floor,107,,,
217,"1",Floor,40,,,
197,"1",Floor,26,,,
320,"2",Floor,91,,,
238,"1",Floor,55,,,
166,b,Floor,5,,,
261,"2",Floor,2,,,
342,"2",Floor,100,,,
487,"2",Floor,136,,,
456,"4",Floor,130,,,
432,"4",Floor,22,,,
327,"3",Floor,26,,,
245,"1",Floor,60,,,
280,b,Floor,79,,,
182,b,Floor,17,,,
451,"4",Floor,30,,,
392,"1",Floor,117,,,
454,"2",Floor,130,,,
405,"1",Floor,124,,,
329,"5",Floor,26,,,
446,"3",Floor,129,,,
388,"2",Floor,115,,,
167,b,Floor,6,,,
274,"2",Floor,76,,,
360,"4",Floor,68,,,
402,"4",Floor,51,,,
266,"1",Floor,72,,,
183,"1",Floor,18,,,
215,"1",Floor,38,,,
189,"1",Floor,19,,,
431,"3",Floor,22,,,
331,"7",Floor,26,,,
174,"1",Floor,13,,,
180,"1",Floor,15,,,
382,"1",Floor,112,,,
257,"2",Floor,67,,,
356,"1",Floor,106,,,
325,"4",Floor,25,,,
181,"1",Floor,16,,,
371,"5",Floor,109,,,
401,"3",Floor,51,,,
460,"2",Floor,132,,,
199,"1",Floor,28,,,
471,"3",Floor,133,,,
440,"3",Floor,128,,,
200,"1",Floor,29,,,
333,"9",Floor,26,,,
459,"1",Floor,132,,,
191,"1",Floor,21,,,
170,-,Floor,9,,,
426,"5",Floor,71,,,
472,"4",Floor,133,,,
231,"1",Floor,51,,,
385,"1",Floor,114,,,
203,"1",Floor,30,,,
307,"2",Floor,86,,,
368,"2",Floor,109,,,
190,"1",Floor,20,,,
422,"1",Floor,71,,,
521,"1",Floor,154,,,
367,"1",Floor,109,,,
477,"2",Floor,134,,,
491,"2",Floor,53,,,
397,"2",Floor,120,,,
341,"1",Floor,100,,,
515,"1",Floor,151,,,
241,"2",Floor,57,,,
366,"2",Floor,108,,,
457,"5",Floor,130,,,
414,"3",Floor,6,,,
478,"3",Floor,134,,,
311,"3",Floor,20,,,
168,"1",Floor,7,,,
393,"2",Floor,118,,,
452,"5",Floor,30,,,
437,"5",Floor,27,,,
262,b,Floor,71,,,
513,"1",Floor,150,,,
224,"1",Floor,44,,,
411,"3",Floor,14,,,
312,"1",Floor,88,,,
160,"1",Floor,1,,,
345,"3",Floor,66,,,
500,"2",Floor,139,,,
475,"3",Floor,75,,,
467,"4",Floor,74,,,
370,"4",Floor,109,,,
509,"1",Floor,148,,,
499,"1",Floor,139,,,
165,t,Floor,4,,,
288,b,Floor,55,,,
305,"2",Floor,18,,,
208,"1",Floor,34,,,
220,"1",Floor,41,,,
346,"4",Floor,66,,,
465,"2",Floor,74,,,
415,"4",Floor,6,,,
336,"1",Floor,96,,,
489,"1",Floor,137,,,
229,"1",Floor,49,,,
263,"1",Floor,65,,,
253,"4",Floor,64,,,
448,"2",Floor,29,,,
303,c,Floor,17,,,
179,"4",Floor,5,,,
222,"1",Floor,42,,,
380,"1",Floor,111,,,
522,"1",Floor,155,,,
251,"2",Floor,64,,,
178,"3",Floor,5,,,
308,"4",Floor,86,,,
423,"2",Floor,71,,,
442,"5",Floor,128,,,
436,"4",Floor,27,,,
278,b,Floor,47,,,
410,"1",Floor,125,,,
427,"1",Floor,127,,,
264,"2",Floor,65,,,
482,"3",Floor,135,,,
176,"1",Floor,5,,,
301,g,Floor,17,,,
505,"2",Floor,144,,,
525,"1",Floor,158,,,
374,"1",Floor,77,,,
276,b,Floor,40,,,
184,"3",Floor,18,,,
419,"3",Floor,126,,,
334,"1",Floor,95,,,
192,"1",Floor,22,,,
248,"1",Floor,62,,,
468,"5",Floor,74,,,
335,"2",Floor,95,,,
351,"1",Floor,103,,,
162,"1",Floor,3,,,
438,"1",Floor,128,,,
494,"1",Floor,82,,,
395,"1",Floor,119,,,
406,"2",Floor,124,,,
201,"3",Floor,29,,,
281,"3",Floor,3,,,
450,"3",Floor,30,,,
504,"1",Floor,143,,,
169,"1",Floor,8,,,
291,"1",Floor,84,,,
221,"2",Floor,41,,,
343,"1",Floor,66,,,
213,"1",Floor,36,,,
383,"2",Floor,112,,,
256,"1",Floor,67,,,
387,"1",Floor,115,,,
173,"1",Floor,12,,,
340,"1",Floor,99,,,
310,"2",Floor,20,,,
164,"5",Floor,3,,,
223,"1",Floor,43,,,
254,"3",Floor,65,,,
244,"1",Floor,59,,,
252,"3",Floor,64,,,
412,"1",Floor,6,,,
350,"2",Floor,102,,,
476,"1",Floor,134,,,
265,b,Floor,30,,,
445,"2",Floor,129,,,
255,b,Floor,66,,,
516,"2",Floor,151,,,
193,"1",Floor,23,,,
171,b,Floor,10,,,
484,"2",Floor,47,,,
470,"2",Floor,133,,,
441,"4",Floor,128,,,
318,"2",Floor,90,,,
435,"3",Floor,27,,,
207,"1",Floor,33,,,
461,"1",Floor,73,,,
462,"2",Floor,73,,,
250,"1",Floor,64,,,
363,"1",Floor,35,,,
296,"2",Floor,63,,,
314,"2",Floor,21,,,
218,"2",Floor,40,,,
512,"1",Floor,149,,,
230,"1",Floor,50,,,
396,"1",Floor,120,,,
400,"2",Floor,51,,,
479,"4",Floor,134,,,
474,"2",Floor,75,,,
416,"5",Floor,6,,,
488,"3",Floor,136,,,
379,"2",Floor,110,,,
233,"1",Floor,53,,,
339,"1",Floor,98,,,
186,"5",Floor,18,,,
348,"1",Floor,101,,,
239,"1",Floor,56,,,
161,"1",Floor,2,,,
300,"6",Floor,63,,,
309,"1",Floor,87,,,
195,"1",Floor,25,,,
234,"1",Floor,54,,,
372,"2",Floor,39,,,
163,"2",Floor,3,,,
289,"1",Floor,83,,,
517,"1",Floor,152,,,
404,"1",Floor,123,,,
433,"5",Floor,22,,,
373,"3",Floor,39,,,
202,"4",Floor,29,,,
302,a,Floor,17,,,
267,"2",Floor,72,,,
420,"4",Floor,126,,,
324,"3",Floor,25,,,
353,"1",Floor,104,,,
286,"4",Floor,3,,,
209,"2",Floor,35,,,
390,"1",Floor,116,,,
421,"5",Floor,126,,,
285,b,Floor,82,,,
344,"2",Floor,66,,,
518,"1",Floor,153,,,
2228,"3700hall-6053-clwa-3700hall",Room,40,219,,
1173,g474-113g4-clwa-g474,Room,17,301,,
1071,"502-1115-clwa-502",Room,63,299,,
1798,"2311-2142-clwa-2311",Room,71,423,,
1200,"706-2017-clwa-706",Room,18,188,,
762,"100-0021-clwc-100",Room,64,250,,
2184,"1600-6051-clwc-1600",Room,40,217,,
615,auditorium-3251-clwa-auditorium,Room,29,200,,
1372,"190-4001-clwa-190",Room,66,343,,
1161,c249-113c2-clwa-c249,Room,17,303,,
2211,"3200hall-6053-clwd-3200hall",Room,40,219,,
593,phoenix-2041-clwb-phoenix,Room,19,189,,
1789,"5250-2135-clwa-5250",Room,126,421,,
1666,r304hall-8171-clwa-r304hall,Room,120,396,,
2525,"100-t201-clwg-100",Room,151,515,,
1171,g413hall-113g4-clwa-g413hall,Room,17,301,,
1107,a123-113a1-clwa-a123,Room,17,302,,
2265,"3104-6113-clwa-3104",Room,134,478,,
1587,"135b-6101-clwa-135b",Room,77,374,,
1913,"4120-3084-clwa-4120",Room,27,436,,
1195,"506-2015-clwa-506",Room,18,186,,
1411,"100-4111-clwf-100",Room,101,348,,
2317,"3036-7213-clwa-3036",Room,47,485,,
2400,"2400-8452-clwa-2400",Room,54,235,,
1439,"226-4152-clwa-226",Room,103,352,,
1441,"246-4152-clwa-246",Room,103,352,,
1452,"109-4501-clwa-109",Room,105,354,,
1250,"100-2121-clwf-100",Room,88,312,,
1646,"282hall-8022-clwa-282hall",Room,116,391,,
1732,"240-8392-clwc-240",Room,81,408,,
771,"210L-hwy-0022-clwa-210L-hwy",Room,64,251,,
1815,"4549-2144-clwa-4549",Room,71,425,,
1427,"114-4151-clwa-114",Room,103,351,,
1889,"2121-3082-clwa-2121",Room,27,434,,
1419,"140-4131-clwb-140",Room,102,349,,
1232,"126-2101-clwa-126",Room,20,190,,
709,left-ent-7111-clwa-left-ent,Room,45,225,,
1155,a229-113a2-clwe-a229,Room,17,302,,
2315,"3013-7213-clwa-3013",Room,47,485,,
1072,"509-1115-clwa-509",Room,63,299,,
1676,"426-8254-clwa-426",Room,51,402,,
1594,"243-6102-clwa-243",Room,77,375,,
2008,w2340hall-3212a-clwa-w2340hall,Room,129,445,,
2208,"3200hall-6053-clwa-3200hall",Room,40,219,,
2193,"2200-6052-clwb-2200",Room,40,218,,
1607,"443-6104-clwa-443",Room,77,377,,
969,b256hall-837b-clwa-b256hall,Room,80,283,,
1637,"116-7261-clwa-116",Room,115,387,,
988,"4300-0084-clwa-4300",Room,3,286,,
1521,-602-5206b-clwa-602,Room,35,212,,
1448,"172hall-4231-clwa-172hall",Room,104,353,,
2516,-200-t112a-clwa-200,Room,150,514,,
1829,"1392-2151-clwa-1392",Room,127,427,,
2050,"2120-4022-clwa-2120",Room,130,454,,
1773,"2102-2112-clwa-2102",Room,6,413,,
2048,"1422-4021-clwa-1422",Room,130,453,,
870,"3500-0043-clwa-3500",Room,67,269,,
1793,"1507-2141-clwa-1507",Room,71,422,,
1337,"100-3051-clwb-100",Room,96,336,,
1516,-486-5204a-clwa-486,Room,35,210,,
2487,"1-ich1-clwa-01",Room,145,506,,
2384,"2062-8432-clwa-2062",Room,82,495,,
765,"120a-0021-clwa-120a",Room,64,250,,
674,hallway-6052-clwc-hallway,Room,40,218,,
1456,"201-4502-clwa-201",Room,105,355,,
651,lecture-6051-clwb-lecture,Room,40,217,,
984,"4100-0084-clwb-4100",Room,3,286,,
638,drumnorth-5205b-clwa-drumnorth,Room,35,211,,
841,"2000-0032-clwa-2000",Room,65,264,,
2437,"150-c001-clwb-150",Room,139,499,,
830,"1012hall-0031-clwa-1012hall",Room,65,263,,
1131,g203-113g2-clwa-g203,Room,17,301,,
2453,"200-c042-clwd-200",Room,139,500,,
1457,"218-4502-clwa-218",Room,105,355,,
633,drumnorth-5204b-clwa-drumnorth,Room,35,210,,
805,"220-0042-clwa-220",Room,67,257,,
2269,"3230-6113-clwa-3230",Room,134,478,,
1765,"1100-2111-clwa-1100",Room,6,412,,
2111,"5215-5035-clwa-5215",Room,74,468,,
1393,"441-4004-clwa-441",Room,66,346,,
2289,"2010-6532-clwa-2010",Room,135,481,,
616,eastwing-3253-clwa-eastwing,Room,29,201,,
1354,"117hallway-3231-clwa-117hallway",Room,100,341,,
2292,"2080-6532-clwa-2080",Room,135,481,,
1031,"126-0921-clwa-126",Room,4,290,,
798,"101hallway-0041-clwa-101hallway",Room,67,256,,
1182,"120-2011-clwa-120",Room,18,183,,
687,fitnesslab-6801-clwa-fitnesslab,Room,41,220,,
2075,"1100-4031-clwd-1100",Room,131,458,,
1465,"100-5011-clwH-100",Room,106,356,,
1431,"120-4151-clwb-120",Room,103,351,,
2277,"4100-6114-clwa-4100",Room,134,479,,
644,pippin-5291-clwa-pippin,Room,38,215,,
1226,"101-2031-clwa-101",Room,87,309,,
707,BusStop-7111-clwa-BusStop,Room,45,225,,
788,"430-0024-clwa-430",Room,64,253,,
907,G005-721b-clwc-G005,Room,47,278,,
1241,"315-2103-clwa-315",Room,20,311,,
1144,a220-113a2-clwc-a220,Room,17,302,,
682,lecture-6052-clwg-lecture,Room,40,218,,
1472,"140-5021-clwa-140",Room,68,357,,
2339,"1502-8201-clwa-1502",Room,79,490,,
1602,"351hall-6103-clwa-351hall",Room,77,376,,
1691,"141a-8351-clwa-141a",Room,124,405,,
1023,"5800-0085-clwa-5800",Room,3,164,,
1966,"3019-3143-clwa-3019",Room,128,440,,
2527,"200-t202-clwb-200",Room,151,516,,
2025,"3008-3253-clwa-3008",Room,29,201,,
1972,"3209-3143-clwa-3209",Room,128,440,,
1369,"164-4001-clwa-164",Room,66,343,,
675,lecture-6052-clwc-lecture,Room,40,218,,
2250,"1800-6111-clwc-1800",Room,134,476,,
1621,"284-6802-clwa-284",Room,41,221,,
2258,"2216-6112-clwa-2216",Room,134,477,,
2144,"1200-5191-clwh-1200",Room,75,473,,
1718,"140-8391-clwb-140",Room,81,407,,
1503,-129hall-5201b-clwa-129hall,Room,35,363,,
676,hallway-6052-clwd-hallway,Room,40,218,,
1149,a228-113a2-clwa-a228,Room,17,302,,
1768,"1100-2111-clwd-1100",Room,6,412,,
744,catwalk-9012-clwb-catwalk,Room,57,241,,
2133,-4302-5174b-clwb-4302,Room,133,472,,
815,trailer1-5221-clwa-trailer1,Room,37,214,,
686,buslot-6801-clwa-buslot,Room,41,220,,
1196,"558-2015-clwa-558",Room,18,186,,
1477,"174-5021-clwa-174",Room,68,357,,
862,"135-0411-clwa-135",Room,72,266,,
1849,"2013-2222-clwa-2013",Room,22,430,,
1788,"5226-2135-clwa-5226",Room,126,421,,
1933,"5440hall-3085-clwa-5440hall",Room,27,437,,
1378,"251-4002-clwa-251",Room,66,344,,
2461,beach-c042b-clwb-beach,Room,139,500,,
1819,"5304-2145-clwa-5304",Room,71,426,,
981,"4000-0084-clwa-4000",Room,3,286,,
1872,"5500-2225-clwa-5500",Room,22,433,,
1890,"2130-3082-clwa-2130",Room,27,434,,
2280,"4216-6114-clwa-4216",Room,134,479,,
1968,"3051-3143-clwa-3051",Room,128,440,,
555,inspector-0971-clwa-inspector,Room,13,174,,
579,sorting-1024-clwa-sorting,Room,5,179,,
545,-518-clwa,Room,9,170,,
2153,"2130-5192-clwa-2130",Room,75,474,,
1373,"192-4001-clwa-192",Room,66,343,,
933,"2090-0082-clwa-2090",Room,3,163,,
1287,"189-3021-clwa-189",Room,25,195,,
2316,"3026-7213-clwa-3026",Room,47,485,,
1165,g308-113g3-clwa-g308,Room,17,301,,
1826,"1306-2151-clwa-1306",Room,127,427,,
1460,"100-5011-clwc-100",Room,106,356,,
1256,"117-2211-clwa-117",Room,21,191,,
2094,"1132hall-5031-clwa-1132hall",Room,74,464,,
1719,"140-8391-clwc-140",Room,81,407,,
588,elev-hallway-2014-clwa-elev-hallway,Room,18,185,,
2464,"23-cpt1-clwa-023",Room,141,502,,
1744,"40-8393-clwb340",Room,81,409,,
2419,"1206hall-8501-clwa-1206hall",Room,55,238,,
832,"1082hall-0031-clwa-1082hall",Room,65,263,,
2457,"200-c042-clwf-200",Room,139,500,,
929,"2060-0082-clwa-2060",Room,3,163,,
1288,"192-3021-clwa-192",Room,25,195,,
2059,"3300-4023-clwa-3300",Room,130,455,,
1278,"171-2361-clwa-171",Room,94,323,,
1953,"1500-3141-clwb-1500",Room,128,438,,
1179,"100-2001-clwe-100",Room,85,304,,
1137,c214-113c2-clwa-c214,Room,17,303,,
1538,"300-6003-clwa-300",Room,109,369,,
2523,"100-t201-clwe-100",Room,151,515,,
1330,"929hall-3039-clwa-929hall",Room,26,333,,
624,atrium-5062-clwa-atrium,Room,32,205,,
1004,b701hall-845b-clwa-b701hall,Room,54,287,,
1864,"4300-2224-clwa-4300",Room,22,432,,
1242,"340-2103-clwa-340",Room,20,311,,
2380,"1305b-8431-clwa-1305b",Room,82,494,,
1946,"1423-3141-clwa-1423",Room,128,438,,
941,"3040-0083-clwa-3040",Room,3,281,,
755,pressbox-9171-clwa-pressbox,Room,61,246,,
2068,"4400-4024-clwa-4400",Room,130,456,,
845,"2008-0032-clwa-2008",Room,65,264,,
1734,"250-8392-clwa-250",Room,81,408,,
1764,"2300-1052-clwa-2300",Room,16,294,,
1624,"190-7141-clwa-190",Room,111,380,,
2035,"2141-4012-clwa-2141",Room,30,449,,
1668,c610hall-8171-clwa-c610hall,Room,120,396,,
2168,"3400-5193-clwa-3400",Room,75,475,,
1725,"164hall-8391-clwa-164hall",Room,81,407,,
1861,"3410-2223-clwa-3410",Room,22,431,,
1061,"256k-1112-clwa-256k",Room,63,296,,
1236,"226j-hall-2102-clwa-226j-hall",Room,20,310,,
549,pool-903b-clwa-pool,Room,10,171,,
1531,"159hall-6001-clwa-159hall",Room,109,367,,
1010,g347hall-850b-clwa-g347hall,Room,55,288,,
1463,"100-5011-clwf-100",Room,106,356,,
2368,"3036hall-8363-clwa-3036hall",Room,53,492,,
2424,"3119hall-8503-clwa-3119hall",Room,55,496,,
1029,"106-0901-clwa-106",Room,83,289,,
2460,game-c042b-clwa-game,Room,139,500,,
1462,"100-5011-clwe-100",Room,106,356,,
1495,"111-5061-clwa-111",Room,32,362,,
2494,trailer-m791-clwa-trailer,Room,147,508,,
852,"3000-0033-clwa-3000",Room,65,254,,
1617,"209hall-6252-clwa-209hall",Room,110,379,,
1867,"4619hall-2224-clwa-4619hall",Room,22,432,,
2322,"4006-7214-clwa-4006",Room,47,486,,
2526,"200-t202-clwa-200",Room,151,516,,
1245,"100-2121-clwa-100",Room,88,312,,
999,b309hall-845b-clwa-b309hall,Room,54,287,,
543,office-0231-clwa-office,Room,7,168,,
1581,"100-6101-clwe-100",Room,77,374,,
1314,"355-3033-clwa-355",Room,26,327,,
2538,suite-f-twr1-clwa-suite-f,Room,153,518,,
697,wellnesslab-6801-clwc-wellnesslab,Room,41,220,,
1735,"250-8392-clwb-250",Room,81,408,,
773,"226h-hwy-0022-clwa-226h-hwy",Room,64,251,,
1011,"5000-0085-clwa-5000",Room,3,164,,
820,"114-0061-clwa-114",Room,70,260,,
2318,"3100-7213-clwa-3100",Room,47,485,,
1856,"3107hall-2223-clwa-3107hall",Room,22,431,,
1743,"340-8393-clwa-340",Room,81,409,,
1785,"3266-2133-clwa-3266",Room,126,419,,
2349,"1019hall-8361-clwa-1019hall",Room,53,233,,
1811,"4225-2144-clwa-4225",Room,71,425,,
1694,"172-8351-clwa-172",Room,124,405,,
1360,"101-4001-clwd-101",Room,66,343,,
1142,a220-113a2-clwa-a220,Room,17,302,,
1570,"242-6012-clwa-242",Room,39,372,,
1733,"244hall-8392-clwa-244hall",Room,81,408,,
1896,"2400-3082-clwa-2400",Room,27,434,,
1453,"110-4501-clwa-110",Room,105,354,,
2304,"2016-7212-clwa-2016",Room,47,484,,
1150,a228-113a2-clwb-a228,Room,17,302,,
708,catwalk-7111-clwa-catwalk,Room,45,225,,
1681,f110-8311-clwb-f110,Room,122,403,,
1143,a220-113a2-clwb-a220,Room,17,302,,
2030,"1028-4011-clwa-1028",Room,30,203,,
1253,"218-2192-clwa-218",Room,89,313,,
1335,"258hall-3042-clwa-258hall",Room,95,335,,
1558,"156-6011-clwa-156",Room,39,216,,
1673,"228hall-8212-clwa-228hall",Room,121,399,,
1151,a229-113a2-clwa-a229,Room,17,302,,
1421,"220-4132-clwa-220",Room,102,350,,
2462,"6533-chc1-clwa-6533",Room,140,501,,
857,b007-401b-clwa-b007,Room,30,265,,
1745,"340-8393-clwc-340",Room,81,409,,
1014,"5014-0085-clwa-5014",Room,3,164,,
2305,"2028-7212-clwa-2028",Room,47,484,,
1134,g205-113g2-clwc-g205,Room,17,301,,
2341,"1548-8201-clwa-1548",Room,79,490,,
1741,"307-8393-clwa-307",Room,81,409,,
2510,uadv-t002-clwb-uadv,Room,150,514,,
1361,"104-4001-clwa-104",Room,66,343,,
1385,hwy340-4003-clwa-hwy340,Room,66,345,,
2278,"4110-6114-clwa-4110",Room,134,479,,
1218,"248-2022-clwa-248",Room,86,307,,
2081,"1300-4031-clwa-1300",Room,131,458,,
1854,"2321-2222-clwa-2321",Room,22,430,,
650,hallway-6051-clwb-hallway,Room,40,217,,
1312,"325-3033-clwa-325",Room,26,327,,
553,ARBoffice-0961-clwa-ARBoffice,Room,12,173,,
1937,"1100-3141-clwd-1100",Room,128,438,,
1513,-383-5203a-clwa-383,Room,35,364,,
539,basement-102b-clwa-basement,Room,5,166,,
1424,"106-4151-clwa-106",Room,103,351,,
1776,"3165-2113-clwa-3165",Room,6,414,,
636,barnorth-5205b-clwa-barnorth,Room,35,211,,
777,"320-0023-clwa-320",Room,64,252,,
1132,g205-113g2-clwa-g205,Room,17,301,,
1935,"1100-3141-clwb-1100",Room,128,438,,
576,sorting-1023-clwa-sorting,Room,5,178,,
1041,"386hall-1023-clwa-386hall",Room,5,178,,
1341,"100-3051-clwf-100",Room,96,336,,
1116,a134b-113a1-clwa-a134b,Room,17,302,,
1749,"350-8393-clwc-350",Room,81,409,,
601,room1-0231-clwa-room1,Room,7,168,,
2413,"4200-8454-clwa-4200",Room,54,237,,
2435,"214-a012-clwb-214",Room,138,498,,
1228,"103-2031-clwa-103",Room,87,309,,
2132,-4302-5174b-clwa-4302,Room,133,472,,
1099,g118a-113g1-clwa-g118a,Room,17,301,,
2067,"4300-4024-clwb-4300",Room,130,456,,
1969,"3059-3143-clwa-3059",Room,128,440,,
902,"056hall-610b-clwa-056hall",Room,77,277,,
2509,uadv270-t002-clwa-uadv270,Room,150,514,,
2056,"3112-4023-clwa-3112",Room,130,455,,
2271,"3338-6113-clwa-3338",Room,134,478,,
1818,"5218-hallway-2145-clwa-5218-hallway",Room,71,426,,
1526,"135-5351-clwa-135",Room,107,365,,
2421,"1409hall-8501-clwa-1409hall",Room,55,238,,
2215,"3249-6053-clwa-3249",Room,40,219,,
1729,"216-8392-clwa-216",Room,81,408,,
2423,"3012hall-8503-clwa-3012hall",Room,55,496,,
764,"110-0021-clwb-110",Room,64,250,,
1347,-100hall-3131b-clwa-100hall,Room,97,338,,
613,auditorium-3111-clwa-auditorium,Room,28,199,,
1705,"193d-8351-clwa-193d",Room,124,405,,
1186,"220B-2012-clwa-220B",Room,18,305,,
1329,"902hall-3039-clwa-902hall",Room,26,333,,
1147,a220-113a2-clwf-a220,Room,17,302,,
973,b200-839b-clwc-b200,Room,81,284,,
1852,"2200-2222-clwa-2200",Room,22,430,,
702,restroomhall-6802-clwa-restroomhall,Room,41,221,,
1097,b116-113b1-clwa-b116,Room,17,182,,
2365,"3004-8363-clwa-3004",Room,53,492,,
2534,library-tuh1-clwa-library,Room,152,517,,
855,"3238-0033-clwa-3238",Room,65,254,,
1620,"279-6802-clwa-279",Room,41,221,,
2299,"1102-7211-clwa-1102",Room,47,227,,
1975,"4019-3144-clwa-4019",Room,128,441,,
1406,"100-4111-clwa-100",Room,101,348,,
1398,hwy510-4005-clwa-hwy510,Room,66,347,,
2204,"2800-6052-clwa-2800",Room,40,218,,
2357,"2018hall-8362-clwa-2018hall",Room,53,491,,
2499,"105-pv21-clwa-105",Room,148,509,,
1755,"2114hall-1012-clwa-2114hall",Room,14,175,,
1033,"028hall-0951-clwa-028hall",Room,84,291,,
806,"221-0042-clwa-221",Room,67,257,,
2130,-4112-5174a-clwa-4112,Room,133,472,,
2236,"1012-6111-clwa-1012",Room,134,476,,
2474,"200-i312-clwb-200",Room,144,505,,
2332,"1130-7281-clwa-1130",Room,48,228,,
1654,"342hall-8121-clwa-342hall",Room,50,230,,
963,b115hall-837b-clwa-b115hall,Room,80,283,,
1476,"169-5021-clwa-169",Room,68,357,,
2323,"4018-7214-clwa-4018",Room,47,486,,
1316,"416hall-3034-clwa-416hall",Room,26,328,,
1604,"407hall-6104-clwa-407hall",Room,77,377,,
2290,"2030-6532-clwa-2030",Room,135,481,,
2482,"200-i412-clwd-200",Room,144,505,,
1985,"5039-3145-clwa-5039",Room,128,442,,
1767,"1100-2111-clwc-1100",Room,6,412,,
2546,"111-v671-clwa-111",Room,155,522,,
2530,"200-t202-clwe-200",Room,151,516,,
1882,"1200-3081-clwc-1200",Room,27,198,,
1454,"110-4501-clwb-110",Room,105,354,,
1449,"178-4231-clwa-178",Room,104,353,,
887,b510-503b-clwa-b510,Room,74,271,,
854,"3216-0033-clwa-3216",Room,65,254,,
2255,"2127-6112-clwa-2127",Room,134,477,,
2498,trailer-m791-clwe-trailer,Room,147,508,,
1928,"5292hall-3085-clwa-5292hall",Room,27,437,,
756,pressbox-9171b-clwb-pressbox,Room,61,246,,
610,mdf-3031-clwa-mdf,Room,26,197,,
795,b68a-400b-clwa-b68a,Room,66,255,,
2166,"3300-5193-clwb-3300",Room,75,475,,
1948,"1427-3141-clwa-1427",Room,128,438,,
1929,"5300-3085-clwa-5300",Room,27,437,,
599,courtyard-2221-clwb-courtyard,Room,22,192,,
1529,"126-6001-clwa-126",Room,109,367,,
1876,"1121-3081-clwa-1121",Room,27,198,,
1812,"4245-2144-clwa-4245",Room,71,425,,
2060,"3361-4023-clwa-3361",Room,130,455,,
2045,"1120-4021-clwa-1120",Room,130,453,,
2229,"3710-6053-clwa-3710",Room,40,219,,
592,phoenix-2041-clwa-phoenix,Room,19,189,,
1887,"2110-3082-clwa-2110",Room,27,434,,
1562,"178-6011-clwc-178",Room,39,216,,
1428,"118-4151-clwa-118",Room,103,351,,
2192,"2200-6052-clwa-2200",Room,40,218,,
1686,f110-8311-clwg-f110,Room,122,403,,
2307,"2037-7212-clwb-2037",Room,47,484,,
1473,"149-5021-clwa-149",Room,68,357,,
535,lobby-0082-clwb-lobby,Room,3,163,,
1026,-5-0901t-clwa-005,Room,83,289,,
1511,-369-5203b-clwa-369,Room,35,364,,
1879,"1150a-3081-clwa-1150a",Room,27,198,,
961,L044hall-836b-clwa-L044hall,Room,53,282,,
965,b209hall-837b-clwa-b209hall,Room,80,283,,
1630,"249a-7152-clwa-249a",Room,112,383,,
1249,"100-2121-clwe-100",Room,88,312,,
1893,"2210-3082-clwa-2210",Room,27,434,,
551,hvac-n-0912-clwa-hvac-n,Room,11,172,,
1066,"338fhall-1113-clwa-338fhall",Room,63,297,,
1971,"3099-3143-clwa-3099",Room,128,440,,
568,study-1021-clwa-study,Room,5,176,,
893,b410-519b-clwa-b410,Room,75,272,,
889,b310-519b-clwa-b310,Room,75,272,,
2448,"250-c042-clwa-250",Room,139,500,,
1353,"108-3231-clwa-108",Room,100,341,,
575,Archives-1023-clwa-Archives,Room,5,178,,
2519,"100-t201-clwa-100",Room,151,515,,
1723,"150-8391-clwc-150",Room,81,407,,
1388,"380-4003-clwa-380",Room,66,345,,
1510,-329-5203b-clwa-329,Room,35,364,,
1780,"1222-2131-clwa-1222",Room,126,417,,
645,courtyard-6011-clwa-courtyard,Room,39,216,,
2327,"4059-7214-clwa-4059",Room,47,486,,
1520,-586-5205a-clwa-586,Room,35,211,,
1571,"251-6012-clwa-251",Room,39,372,,
2115,-1242-5171a-clwa-1242,Room,133,469,,
1183,"122-2011-clwa-122",Room,18,183,,
942,"3040hall-0083-clwa-3040hall",Room,3,281,,
2275,"4022-6114-clwa-4022",Room,134,479,,
2416,"1006-8501-clwa-1006",Room,55,238,,
2004,-2300-3211b-clwa-e1175,Room,129,444,,
905,G005-721b-clwa-G005,Room,47,278,,
727,hallway-8452-clwb-hallway,Room,54,235,,
1578,"100-6101-clwb-100",Room,77,374,,
1059,"209-1112-clwa-209",Room,63,296,,
1924,"5212hall-3085-clwa-5212hall",Room,27,437,,
693,fitnesslab-6801-clwb-fitnesslab,Room,41,220,,
802,"109-0041-clwa-109",Room,67,256,,
1905,"3131-3083-clwa-3131",Room,27,435,,
1103,g118c-113g1-clwb-g118c,Room,17,301,,
935,"3000hall-0083-clwa-3000hall",Room,3,281,,
752,tfhouse-9071-clwa-tfhouse,Room,59,244,,
2340,"1514-8201-clwa-1514",Room,79,490,,
1569,"232-6012-clwa-232",Room,39,372,,
1212,"162-2021-clwa-162",Room,86,306,,
2217,"3271-6053-clwa-3271",Room,40,219,,
641,drumwest-5206b-clwa-drumWest,Room,35,212,,
2210,"3200hall-6053-clwc-3200hall",Room,40,219,,
792,b35-400b-clwa-b35,Room,66,255,,
658,lecture-6051-clwe-lecture,Room,40,217,,
1060,"215-1112-clwa-215",Room,63,296,,
874,"3800mhall-0043-clwa-3800mhall",Room,67,269,,
2355,"2004hall-8362-clwa-2004hall",Room,53,491,,
1133,g205-113g2-clwb-g205,Room,17,301,,
1628,"246-7152-clwa-246",Room,112,383,,
1169,g319-113g3-clwa-g319,Room,17,301,,
1159,g242-113g2-clwa-g242,Room,17,301,,
2535,living-tuh1-clwa-living,Room,152,517,,
2440,"150-c001-clwe-150",Room,139,499,,
1794,"1517-2141-clwa-1517",Room,71,422,,
2295,"3070-6533-clwa-3070",Room,135,482,,
544,controlRm-0401-clwa-controlRm,Room,8,169,,
618,eastwing-3254-clwa-eastwing,Room,29,202,,
1065,"338-private-1113-clwa-338-private",Room,63,297,,
1508,-229-5202b-clwa-229,Room,35,209,,
980,b112-843b-clwa-b112,Room,82,285,,
848,"2010-0032-clwa-2010",Room,65,264,,
1086,"106e-113a1-clwa-a106e",Room,17,302,,
2347,"1008-8361-clwa-1008",Room,53,233,,
2348,"1008hall-8361-clwa-1008hall",Room,53,233,,
1515,-480-5204a-clwa-480,Room,35,210,,
2343,"2113hall-8202-clwa-2113hall",Room,79,398,,
1980,"4099-3144-clwa-4099",Room,128,441,,
1832,"2323-2152-clwa-2323",Room,127,428,,
1140,a219a-113a2-clwa-a219a,Room,17,302,,
608,plaza-3022-clwa-plaza,Room,25,196,,
2176,"1100-6051-clwa-1100",Room,40,217,,
1934,"1100-3141-clwa-1100",Room,128,438,,
2139,"1200-5191-clwc-1200",Room,75,473,,
1224,"436-2024-clwa-436",Room,86,308,,
1963,"2209-3142-clwa-2209",Room,128,439,,
2403,"3101-8453-clwc-3101",Room,54,236,,
1259,"215-2212-clwa-215",Room,21,314,,
1728,"205-8392-clwa-205",Room,81,408,,
1757,"3220-1013-clwa-3220",Room,14,411,,
799,"102-0041-clwa-102",Room,67,256,,
844,"2005-0032-clwa-2005",Room,65,264,,
1445,"281hall-4152-clwa-281hall",Room,103,352,,
1104,g118d-113g1-clwb-g118d,Room,17,301,,
680,hallway-6052-clwf-hallway,Room,40,218,,
1494,"560-5025-clwa-560",Room,68,361,,
826,paciolan1-9171b-clwa-paciolan1,Room,61,246,,
1299,"364-3023-clwa-364",Room,25,324,,
1999,"6219-3146-clwa-6219",Room,128,443,,
2181,"1120-6051-clwb-1120",Room,40,217,,
567,infodesk-1021-clwa-infodesk,Room,5,176,,
967,b226hall-837b-clwa-b226hall,Room,80,283,,
790,"358hall-0033-clwa-358hall",Room,65,254,,
1474,"156-5021-clwa-156",Room,68,357,,
2268,"3216-6113-clwa-3216",Room,134,478,,
527,lobby-0051-clwa-lobby,Room,1,160,,
789,"430-0024-clwb-430",Room,64,253,,
2141,"1200-5191-clwe-1200",Room,75,473,,
1952,"1500-3141-clwa-1500",Room,128,438,,
2293,"3010-6533-clwa-3010",Room,135,482,,
1787,"4264-2134-clwa-4264",Room,126,420,,
705,catwalk-7101-clwa-catwalk,Room,44,224,,
571,lobby-1022-clwa-lobby,Room,5,177,,
1089,c107-113c1-clwa-c107,Room,17,303,,
1478,"174-5021-clwb-174",Room,68,357,,
2497,trailer-m791-clwd-trailer,Room,147,508,,
1899,"3110-3083-clwa-3110",Room,27,435,,
1603,"373hall-6103-clwa-373hall",Room,77,376,,
2150,"1400-5191-clwb-1400",Room,75,473,,
1771,"1165-2111-clwa-1165",Room,6,412,,
1967,"3039-3143-clwa-3039",Room,128,440,,
1537,"274-6002-clwa-274",Room,109,368,,
1674,"240-8252-clwa-240",Room,51,400,,
2084,"2920-4042-clwa-2920",Room,132,460,,
1217,"228-2022-clwb-228",Room,86,307,,
1450,"100-4501-clwa-100",Room,105,354,,
1644,"120ghall-8021-clwa-120ghall",Room,116,390,,
2251,"2001-6112-clwa-2001",Room,134,477,,
2436,"150-c001-clwa-150",Room,139,499,,
2284,"1020-6531-clwa-1020",Room,135,480,,
1803,"3243-hallway-2143-clwa-3243-hallway",Room,71,424,,
1894,"2212-3082-clwa-2212",Room,27,434,,
577,study-1023-clwa-study,Room,5,178,,
1301,"408-3024-clwa-408",Room,25,325,,
1544,"429hall-6004-clwa-429hall",Room,109,370,,
1211,"159-2021-clwa-159",Room,86,306,,
706,entrance-7101-clwa-entrance,Room,44,224,,
1345,"305d-3113-clwa-305d",Room,28,337,,
1791,"1230-2141-clwa-1230",Room,71,422,,
1017,"5412hall-0085-clwa-5412hall",Room,3,164,,
888,b105-519b-clwa-b105,Room,75,272,,
2264,"3045-6113-clwa-3045",Room,134,478,,
1665,c208hall-8171-clwa-c208hall,Room,120,396,,
726,hallway-8452-clwa-hallway,Room,54,235,,
1022,"5624hall-0085-clwa-5624hall",Room,3,164,,
1444,"263hall-4152-clwa-263hall",Room,103,352,,
2072,"1100-4031-clwa-1100",Room,131,458,,
960,L040-836b-clwa-L040,Room,53,282,,
2514,"250-t112-clwd-250",Room,150,514,,
849,"2024-0032-clwa-2024",Room,65,264,,
909,G021-721b-clwa-G021,Room,47,278,,
1824,"1304-2151-clwa-1304",Room,127,427,,
536,patio-0082-clwb-patio,Room,3,163,,
780,"330-0023-clwa-330",Room,64,252,,
1860,"3310-2223-clwb-3310",Room,22,431,,
2148,"1328hallway-5191-clwa-1328hallway",Room,75,473,,
1954,"1600-3141-clwa-1600",Room,128,438,,
737,koll-hall-9011-clwa-koll-hall,Room,57,240,,
1252,"100-2121-clwh-100",Room,88,312,,
1174,g480-113g4-clwa-g480,Room,17,301,,
2053,hwy-2313-4022-clwa-hwy-2313,Room,130,454,,
1647,"299e-8022-clwa-299e",Room,116,391,,
721,courtyard-8271-clwa-courtyard,Room,52,232,,
1085,"106d-113a1-clwa-a106d",Room,17,302,,
813,"153hall-0051-clwa-153hall",Room,1,160,,
2015,e4171-3214b-clwa-e4171,Room,129,447,,
868,b212-417b-clwa-b212,Room,73,268,,
612,javacity-3081-clwa-javacity,Room,27,198,,
1661,r102-8171-clwa-r102,Room,120,396,,
1514,-471-5204a-clwa-471,Room,35,210,,
2151,"1421hallway-5191-clwa-1421hallway",Room,75,473,,
1492,"474-5024-clwa-474",Room,68,360,,
665,lecture-6051-clwk-lecture,Room,40,217,,
1402,"553-4005-clwa-553",Room,66,347,,
1701,aud189-8351-clwf-aud189,Room,124,405,,
1822,"5416-2145-clwa-5416",Room,71,426,,
2445,"150-c001-clwj-150",Room,139,499,,
2429,-105hall-a011a-clwa-105hall,Room,138,497,,
2243,"1114-6111-clwa-1114",Room,134,476,,
747,BusStop-9031-clwa-BusStop,Room,10,243,,
2282,"4347-6114-clwa-4347",Room,134,479,,
1265,"414-2214-clwa-414",Room,21,316,,
2105,"3316Hall-5033-clwa-3316Hall",Room,74,466,,
1209,"152-2021-clwa-152",Room,86,306,,
1162,g302-113g3-clwa-g302,Room,17,301,,
2406,"4000-8454-clwa-4000",Room,54,237,,
1368,hwy152-4001-clwa-hwy152,Room,66,343,,
1501,"147-5151-clwa-147",Room,34,208,,
2120,-2302-5172b-clwa-2302,Room,133,470,,
1951,"1433-3141-clwa-1433",Room,128,438,,
2427,"130-a011-clwb-130",Room,138,497,,
1483,"240-5022-clwa-240",Room,68,358,,
2256,"2128-6112-clwa-2128",Room,134,477,,
582,TrainingRm-1051-clwa-TrainingRm,Room,16,181,,
2043,hallway-5024-4015-clwa-hallway-5024,Room,30,452,,
760,"100-0021-clwa-100",Room,64,250,,
1426,"110-4151-clwb-110",Room,103,351,,
1748,"350-8393-clwb-350",Room,81,409,,
1769,"1100-2111-clwe-1100",Room,6,412,,
2022,"2100-3252-clwa-2100",Room,29,448,,
878,"4800dhall-0044-clwa-4800dhall",Room,67,270,,
1920,"4406-3084-clwa-4406",Room,27,436,,
1706,"208hall-8352-clwa-208hall",Room,124,406,,
1321,"621hall-3036-clwa-621hall",Room,26,330,,
1459,"100-5011-clwb-100",Room,106,356,,
2273,"4000-6114-clwa-4000",Room,134,479,,
1188,"220B-2012-clwb-220B",Room,18,305,,
1525,"121-5351-clwa-121",Room,107,365,,
1157,g234-113g2-clwa-g234,Room,17,301,,
1126,c200-113c2-clwb-c200,Room,17,303,,
1322,"637hall-3036-clwa-637hall",Room,26,330,,
2391,"1231-8451-clwa-1231",Room,54,234,,
943,"3050-0083-clwa-3050",Room,3,281,,
1356,"208-3232-clwa-208",Room,100,342,,
1987,"5059-3145-clwa-5059",Room,128,442,,
2108,"4205Hall-5034-clwa-4205Hall",Room,74,467,,
530,Lobby-0081-clwb-Lobby,Room,3,162,,
1886,"1200-3081-clwg-1200",Room,27,198,,
722,lobby-8361-clwa-lobby,Room,53,233,,
979,b106hall-843b-clwa-b106hall,Room,82,285,,
1219,"248-2022-clwb-248",Room,86,307,,
1955,"1600-3141-clwb-1600",Room,128,438,,
2149,"1400-5191-clwa-1400",Room,75,473,,
957,L008hall-836b-clwa-L008hall,Room,53,282,,
1563,"178-6011-clwd-178",Room,39,216,,
2366,"3004-8363-clwb-3004",Room,53,492,,
1339,"100-3051-clwd-100",Room,96,336,,
1825,"1304-2151-clwb-1304",Room,127,427,,
1555,"118-6011-clwa-118",Room,39,216,,
1214,"171-2021-clwa-171",Room,86,306,,
2490,closet-ip41-clwa-closet,Room,146,507,,
871,"3500-0043-clwb-3500",Room,67,269,,
1572,"254-6012-clwa-254",Room,39,372,,
1332,"136-3041-clwa-136",Room,95,334,,
970,b002-839b-clwa-b002,Room,81,284,,
758,clubhouse-9191-clwa-clubhouse,Room,62,248,,
1962,"2099-3142-clwa-2099",Room,128,439,,
876,"4700-0044-clwa-4700",Room,67,270,,
2247,"1341-6111-clwa-1341",Room,134,476,,
1542,"373-6003-clwa-373",Room,109,369,,
2456,"250-c042-clwe-250",Room,139,500,,
684,lounge-6053-clwa-lounge,Room,40,219,,
884,b339hall-503b-clwa-b339hall,Room,74,271,,
1823,"5542hall-2145-clwa-5542hall",Room,71,426,,
666,lecture-6051-clwl-lecture,Room,40,217,,
1897,"2409-3082-clwa-2409",Room,27,434,,
2478,"250-i312-clwd-250",Room,144,505,,
1880,"1200-3081-clwa-1200",Room,27,198,,
1997,"6131-3146-clwa-6131",Room,128,443,,
1609,"473hall-6104-clwa-473hall",Room,77,377,,
1349,"102-3151-clwa-102",Room,98,339,,
572,study-1022-clwa-study,Room,5,177,,
1264,"410-2214-clwa-410",Room,21,316,,
1796,"2221-hallway-2142-clwa-2221-hallway",Room,71,423,,
2311,"2042-7212-clwa-2042",Room,47,484,,
1263,"350-2213-clwa-350",Room,21,315,,
1225,"100-2031-clwa-100",Room,87,309,,
1094,b109-113b1-clwd-b109,Room,17,182,,
1730,"240-8392-clwa-240",Room,81,408,,
1048,"570-1025-clwa-570",Room,5,293,,
989,"4460-0084-clwa-4460",Room,3,286,,
741,soundroom-9012-clwa-soundroom,Room,57,241,,
1139,c215-113c2-clwb-c215,Room,17,303,,
2504,"121hall-t001-clwa-121hall",Room,150,513,,
1300,"364-3023-clwb-364",Room,25,324,,
1296,"259-3022-clwa-259",Room,25,196,,
2477,"250-i312-clwc-250",Room,144,505,,
1290,"209-3022-clwa-209",Room,25,196,,
714,paciolan-7211-clwa-paciolan,Room,47,227,,
2479,"200-i412-clwa-200",Room,144,505,,
2143,"1200-5191-clwg-1200",Room,75,473,,
916,"1015-0081-clwa-1015",Room,3,162,,
1772,"1170-2111-clwa-1170",Room,6,412,,
669,lecture-6052-clwa-lecture,Room,40,218,,
1688,"104-8331-clwa-104",Room,123,404,,
1088,c106-113c1-clwa-c106,Room,17,303,,
1923,"5109-3085-clwa-5109",Room,27,437,,
2028,"4100-3254-clwa-4100",Room,29,202,,
923,"1045-0081-clwa-1045",Room,3,162,,
1240,"310-2103-clwa-310",Room,20,311,,
2154,"2218hallway-5192-clwa-2218hallway",Room,75,474,,
2430,-117hall-a011a-clwa-117hall,Room,138,497,,
1191,"308-2013-clwa-308",Room,18,184,,
1634,"104-7251-clwa-104",Room,114,385,,
1327,"816hall-3038-clwa-816hall",Room,26,332,,
2160,"2400-5192-clwb-2400",Room,75,474,,
1915,"4130-3084-clwa-4130",Room,27,436,,
2313,"3002-7213-clwa-3002",Room,47,485,,
1423,"240-4132-clwa-240",Room,102,350,,
2263,"3016-6113-clwa-3016",Room,134,478,,
1715,"112-8391-clwa-112",Room,81,407,,
1683,f110-8311-clwd-f110,Room,122,403,,
1903,"3121-3083-clwa-3121",Room,27,435,,
1645,"252b-8022-clwa-252b",Room,116,391,,
1057,"201-1112-clwa-201",Room,63,296,,
2320,"3201-7213-clwa-3201",Room,47,485,,
2262,"2341-6112-clwa-2341",Room,134,477,,
1475,"166-5021-clwa-166",Room,68,357,,
1959,"2051-3142-clwa-2051",Room,128,439,,
1608,"451hall-6104-clwa-451hall",Room,77,377,,
1222,"290-2022-clwa-290",Room,86,307,,
2418,"1134hall-8501-clwa-1134hall",Room,55,238,,
695,buslot-6801-clwc-buslot,Room,41,220,,
1641,"112-8001-clwa-112",Room,49,229,,
1019,"5600-0085-clwa-5600",Room,3,164,,
1512,-371-5203a-clwa-371,Room,35,364,,
2214,"3200hall-6053-clwg-3200hall",Room,40,219,,
1944,"1420-3141-clwa-1420",Room,128,438,,
1842,"1200-2221-clwc-1200",Room,22,192,,
2383,"2044-8432-clwa-2044",Room,82,495,,
910,G025-721b-clwa-G025,Room,47,278,,
2098,"2139Hall-5032-clwa-2139Hall",Room,74,465,,
2493,pantry-m791-clwa-pantry,Room,147,508,,
1589,"169-6101-clwa-169",Room,77,374,,
2370,"3052-8363-clwa-3052",Room,53,492,,
1258,"122-2211-clwa-122",Room,21,191,,
1930,"5327-3085-clwa-5327",Room,27,437,,
1543,ste400-6004-clwa-ste400,Room,109,370,,
1846,"1200-2221-clwg-1200",Room,22,192,,
1379,"261-4002-clwa-261",Room,66,344,,
718,lounge-8001-clwb-lounge,Room,49,229,,
725,visitors-8451-clwa-visitors,Room,54,234,,
1921,"4418-3084-clwa-4418",Room,27,436,,
1280,"175-2361-clwa-175",Room,94,323,,
2518,-200-t112a-clwc-200,Room,150,514,,
1834,"3306-2153-clwa-3306",Room,127,429,,
2261,"2320-6112-clwa-2320",Room,134,477,,
1845,"1200-2221-clwf-1200",Room,22,192,,
1722,"150-8391-clwb-150",Room,81,407,,
1037,"208hall-1022-clwa-208hall",Room,5,177,,
627,hallway-5151-clwa-hallway,Room,34,208,,
552,hvac-s-0912-clwa-hvac-s,Room,11,172,,
581,lobby-1051-clwa-lobby,Room,16,181,,
2286,"1030-6531-clwb-1030",Room,135,480,,
642,Kuci-5211-clwa-Kuci,Room,36,213,,
1050,"121hall-1052-clwa-121hall",Room,16,294,,
1437,"220-4152-clwa-220",Room,103,352,,
1315,"408b-3034-clwa-408b",Room,26,328,,
621,cavern-5001-clwa-cavern,Room,31,204,,
2134,-4403-5174b-clwa-4403,Room,133,472,,
1808,"3556-hallway-2143-clwa-3556-hallway",Room,71,424,,
2054,hwy-2361-4022-clwa-hwy-2361,Room,130,454,,
1117,a134c-113a1-clwa-a134c,Room,17,302,,
1237,"256-hall-2102-clwa-256-hall",Room,20,310,,
2249,"1800-6111-clwb-1800",Room,134,476,,
1469,"128-5021-clwb-128",Room,68,357,,
2074,"1100-4031-clwc-1100",Room,131,458,,
797,"101-0041-clwa-101",Room,67,256,,
1146,a220-113a2-clwe-a220,Room,17,302,,
2428,"130-a011-clwc-130",Room,138,497,,
1714,"105-8391-clwa-105",Room,81,407,,
538,mdf-092t-clwa-mdf,Room,4,165,,
1413,"100-4111-clwh-100",Room,101,348,,
1058,"204-1112-clwa-204",Room,63,296,,
1593,"235-6102-clwa-235",Room,77,375,,
1652,"240c-8112-clwa-240c",Room,118,393,,
1605,"411hall-6104-clwa-411hall",Room,77,377,,
2454,"250-c042-clwd-250",Room,139,500,,
2082,"1300-4031-clwb-1300",Room,131,458,,
1244,"366-hall-2103-clwa-366-hall",Room,20,311,,
2254,"2116-6112-clwa-2116",Room,134,477,,
1038,"225-1022-clwa-225",Room,5,177,,
814,"175hall-0051-clwa-175hall",Room,1,160,,
992,"4620-0084-clwa-4620",Room,3,286,,
2207,"3200-6053-clwa-3200",Room,40,219,,
605,patio-2331-clwa-patio,Room,23,193,,
2220,"3500-6053-clwa-3500",Room,40,219,,
1698,aud189-8351-clwc-aud189,Room,124,405,,
1490,"398-5023-clwa-398",Room,68,359,,
1632,"132-7231-clwa-132",Room,78,279,,
1447,"132-4231-clwa-132",Room,104,353,,
626,lobby-5121-clwa-lobby,Room,33,207,,
634,drumsouth-5204b-clwa-drumsouth,Room,35,210,,
1074,"560-1115-clwa-560",Room,63,299,,
2175,-6337hall-5206b-clwa-6337hall,Room,35,212,,
1579,"100-6101-clwc-100",Room,77,374,,
2136,"1002hallway-5191-clwa-1002hallway",Room,75,473,,
2398,"2200-8452-clwb-2200",Room,54,235,,
877,"4750-0044-clwa-4750",Room,67,270,,
2158,"2331-5192-clwa-2331",Room,75,474,,
1062,"256n-1112-clwa-256n",Room,63,296,,
2147,"1314hallway-5191-clwa-1314hallway",Room,75,473,,
728,hall-8453-clwa-hall,Room,54,236,,
2248,"1800-6111-clwa-1800",Room,134,476,,
730,hall-8453-clwc-hall,Room,54,236,,
1233,"143-2101-clwa-143",Room,20,190,,
1123,b200-113b2-clwa-b200,Room,17,182,,
895,b530-519b-clwa-b530,Room,75,272,,
1064,"307-1113-clwa-307",Room,63,297,,
1712,"100-8391-clwa-100",Room,81,407,,
2476,"200-i312-clwc-200",Room,144,505,,
964,b143hall-837b-clwa-b143hall,Room,80,283,,
2012,s3220hall-3213a-clwa-s3220hall,Room,129,446,,
779,"320-0023-clwc-320",Room,64,252,,
891,b330-519b-clwa-b330,Room,75,272,,
2300,"1201-7211-clwa-1201",Room,47,227,,
2155,"2300-5192-clwa-2300",Room,75,474,,
1696,aud189-8351-clwa-aud189,Room,124,405,,
769,"140-hall-0021-clwa-140-hall",Room,64,250,,
1262,"318-2213-clwa-318",Room,21,315,,
880,"4850-0044-clwa-4850",Room,67,270,,
1334,"221hall-3042-clwa-221hall",Room,95,335,,
1311,"305-3033-clwa-305",Room,26,327,,
1855,"2511-2222-clwa-2511",Room,22,430,,
1574,"262-6012-clwb-262",Room,39,372,,
1248,"100-2121-clwd-100",Room,88,312,,
1649,"118Khall-8101-clwa-118Khall",Room,117,392,,
2331,"1100a-7281-clwa-1100a",Room,48,228,,
1539,"329hall-6003-clwa-329hall",Room,109,369,,
1528,"100b-6001-clwa-100b",Room,109,367,,
2522,"100-t201-clwd-100",Room,151,515,,
2157,"2300-5192-clwc-2300",Room,75,474,,
2112,"5339a-5035-clwa-5339a",Room,74,468,,
733,cafe-8501-clwa-cafe,Room,55,238,,
630,drumsouth-5202b-clwb-drumsouth,Room,35,209,,
853,"3200-0033-clwa-3200",Room,65,254,,
2107,"4137Hall-5034-clwa-4137Hall",Room,74,467,,
2189,"1700-6051-clwd-1700",Room,40,217,,
1564,"207a-6012-clwa-207a",Room,39,372,,
1713,"102-8391-clwa-102",Room,81,407,,
1874,"1112-3081-clwa-1112",Room,27,198,,
2000,-1101-3211b-clwa-1101,Room,129,444,,
1502,-104-5201b-clwa-104,Room,35,363,,
1917,"4200-3084-clwa-4200",Room,27,436,,
796,b68-400b-clwb-b68,Room,66,255,,
664,lecture-6051-clwj-lecture,Room,40,217,,
1541,"359hall-6003-clwa-359hall",Room,109,369,,
2459,beach-c042b-clwa-beach,Room,139,500,,
1436,"210-4152-clwa-210",Room,103,352,,
2272,"3341-6113-clwa-3341",Room,134,478,,
562,Study-1012-clwd-Study,Room,14,175,,
2405,"3200-8453-clwb-3200",Room,54,236,,
1638,"216-7262-clwa-216",Room,115,388,,
956,L002hall-836b-clwa-L002hall,Room,53,282,,
584,cbooks-113b1-clwa-cbooks,Room,17,182,,
1784,"3218-2133-clwa-3218",Room,126,419,,
1911,"4110-3084-clwa-4110",Room,27,436,,
1600,"341-6103-clwa-341",Room,77,376,,
534,courtyard-0082-clwb-courtyard,Room,3,163,,
1984,"5019-3145-clwa-5019",Room,128,442,,
1095,c110-113c1-clwa-c110,Room,17,303,,
934,"3000-0083-clwa-3000",Room,3,281,,
529,Lobby-0081-clwa-Lobby,Room,3,162,,
749,training-9031-clwa-training,Room,10,243,,
2452,"250-c042-clwc-250",Room,139,500,,
1438,"222-4152-clwa-222",Room,103,352,,
1407,"100-4111-clwb-100",Room,101,348,,
2047,hwy-1214-4021-clwa-hwy-1214,Room,130,453,,
1606,"435-6104-clwa-435",Room,77,377,,
1197,"569hall-2015-clwa-569hall",Room,18,186,,
1994,"6029-3146-clwa-6029",Room,128,443,,
2100,"2236Hall-5032-clwa-2236Hall",Room,74,465,,
2451,"200-c042-clwc-200",Room,139,500,,
1547,"474-6004-clwa-474",Room,109,370,,
2097,"1416-5031-clwa-1416",Room,74,464,,
1828,"1368-2151-clwa-1368",Room,127,427,,
759,b17-111b-clwa-b17,Room,63,249,,
1556,"142-6011-clwa-142",Room,39,216,,
594,phoenix-2041-clwc-phoenix,Room,19,189,,
2021,"2006-3252-clwa-2006",Room,29,448,,
729,hall-8453-clwb-hall,Room,54,236,,
1364,"104-4001-clwd-104",Room,66,343,,
1781,"1290-2131-clwa-1290",Room,126,417,,
632,drumnorth-5204b-clwa-barSouth,Room,35,210,,
1018,"5500hall-0085-clwa-5500hall",Room,3,164,,
2409,"4002-8454-clwa-4002",Room,54,237,,
1830,"2307-2152-clwa-2307",Room,127,428,,
703,courthouse-6821-clwa-courthouse,Room,42,222,,
2381,"1331hall-8431-clwa-1331hall",Room,82,494,,
1389,"385-4003-clwa-385",Room,66,345,,
2545,wellness-v341-clwa-wellness,Room,154,521,,
2287,"1050-6531-clwa-1050",Room,135,480,,
1908,"3406-3083-clwa-3406",Room,27,435,,
1016,"5402-0085-clwa-5402",Room,3,164,,
2298,"1021-7211-clwa-1021",Room,47,227,,
2485,"200-i412-clwg-200",Room,144,505,,
1340,"100-3051-clwe-100",Room,96,336,,
2274,"4011-6114-clwa-4011",Room,134,479,,
2543,"350-twr3-clwb-350",Room,153,520,,
1118,a134d-113a1-clwa-a134d,Room,17,302,,
2425,"3126hall-8503-clwa-3126hall",Room,55,496,,
1580,"100-6101-clwd-100",Room,77,374,,
1533,"200-6002-clwa-200",Room,109,368,,
1932,"5440-3085-clwa-5440",Room,27,437,,
1352,"120a-3171-clwa-120a",Room,99,340,,
1486,"279-5022-clwa-279",Room,68,358,,
1229,"101-2101-clwa-101",Room,20,190,,
1030,"107-0901-clwa-107",Room,83,289,,
2163,"3114hallway-5193-clwa-3114hallway",Room,75,475,,
922,"1036-0081-clwa-1036",Room,3,162,,
1662,a120-8171-clwa-a120,Room,120,396,,
2142,"1200-5191-clwf-1200",Room,75,473,,
1148,g221-113g2-clwa-g221,Room,17,301,,
921,"1035hall-0081-clwa-1035hall",Room,3,162,,
1884,"1200-3081-clwe-1200",Room,27,198,,
1207,"140-2021-clwa-140",Room,86,306,,
1154,a229-113a2-clwd-a229,Room,17,302,,
1550,"553-6005-clwa-553",Room,109,371,,
663,lecture-6051-clwi-lecture,Room,40,217,,
559,study-1012-clwa-study,Room,14,175,,
1575,"303-6013-clwa-303",Room,39,373,,
1216,"228-2022-clwa-228",Room,86,307,,
1774,"2142-2112-clwa-2142",Room,6,413,,
2520,"100-t201-clwb-100",Room,151,515,,
2373,"3107-8363-clwa-3107",Room,53,492,,
2057,"3120-4023-clwa-3120",Room,130,455,,
781,"330-0023-clwb-330",Room,64,252,,
602,room3-0231-clwa-room3,Room,7,168,,
573,study-1022-clwb-study,Room,5,177,,
1759,"1010a-1051-clwa-1010a",Room,16,181,,
1266,"416-2214-clwa-416",Room,21,316,,
1877,"1130-3081-clwa-1130",Room,27,198,,
829,g240-214b-clwa-g240,Room,71,262,,
1687,f114-8311-clwa-f114,Room,122,403,,
2161,"2639hallway-5192-clwa-2639hallway",Room,75,474,,
1344,"114-3111-clwa-114",Room,28,199,,
898,"212hall-0582-clwa-212hall",Room,76,274,,
1592,"216hall-6102-clwa-216hall",Room,77,375,,
2179,"1110-6051-clwb-1110",Room,40,217,,
2390,"1219-8451-clwa-1219",Room,54,234,,
1591,"207hall-6102-clwa-207hall",Room,77,375,,
1658,a122b-8131-clwa-a122b,Room,119,395,,
2113,"5414-5035-clwa-5414",Room,74,468,,
578,sorting-1023-clwb-sorting,Room,5,178,,
1432,"122-4151-clwa-122",Room,103,351,,
609,breezeway-3031-clwa-breezeway,Room,26,197,,
670,lounge-6052-clwa-lounge,Room,40,218,,
2087,"1311-4171-clwa-1311",Room,73,461,,
1201,"762-2017-clwa-762",Room,18,188,,
1122,c138-113c1-clwa-c138,Room,17,303,,
1302,"424-3024-clwa-424",Room,25,325,,
2291,"2040-6532-clwa-2040",Room,135,481,,
1599,"335-6103-clwa-335",Room,77,376,,
885,b370hall-503b-clwa-b370hall,Room,74,271,,
1394,"453-4004-clwa-453",Room,66,346,,
835,"1111-0031-clwc-1111",Room,65,263,,
2387,"1014-8451-clwa-1014",Room,54,234,,
1586,"110-6101-clwb-110",Room,77,374,,
2532,garage-tuh1-clwa-garage,Room,152,517,,
839,"1131-0031-clwb-1131",Room,65,263,,
1238,"272-hall-2102-clwa-272-hall",Room,20,310,,
2335,"1043hall-8191-clwa-1043hall",Room,137,489,,
776,"310b-0023-clwa-310b",Room,64,252,,
1746,"344hall-8393-clwa-344hall",Room,81,409,,
757,pavillion-9172a-clwa-pavilion,Room,61,247,,
1956,"1600-3141-clwc-1600",Room,128,438,,
883,b321hall-503b-clwa-b321hall,Room,74,271,,
631,barnorth-5204b-clwa-barNorth,Room,35,210,,
2066,"4300-4024-clwa-4300",Room,130,456,,
2117,-2124-5172a-clwa-2124,Room,133,470,,
2110,"4404Hall-5034-clwa-4404Hall",Room,74,467,,
1401,hwy540-4005-clwa-hwy540,Room,66,347,,
2395,"2101-8452-clwa-2101",Room,54,235,,
1553,"108-6011-clwa-108",Room,39,216,,
1786,"4206-2134-clwa-4206",Room,126,420,,
2426,"130-a011-clwa-130",Room,138,497,,
1639,"218-7262-clwa-218",Room,115,388,,
1015,"5200-0085-clwa-5200",Room,3,164,,
2091,"3215-4173-clwa-3215",Room,73,463,,
1434,"124-4151-clwa-124",Room,103,351,,
678,hallway-6052-clwe-hallway,Room,40,218,,
1047,"550hall-1025-clwa-550hall",Room,5,293,,
860,b132-401b-clwa-b132,Room,30,265,,
1308,"202-3032-clwa-202",Room,26,326,,
1205,"122-2021-clwa-122",Room,86,306,,
940,"3034hall-0083-clwa-3034hall",Room,3,281,,
2540,"220-twr2-clwa-220",Room,153,519,,
1247,"100-2121-clwc-100",Room,88,312,,
671,hallway-6052-clwb-hallway,Room,40,218,,
1001,b417hall-845b-clwa-b417hall,Room,54,287,,
677,lecture-6052-clwd-lecture,Room,40,218,,
914,G203-721b-clwa-G203,Room,47,278,,
1380,"270-4002-clwa-270",Room,66,344,,
1365,"108-4001-clwa-108",Room,66,343,,
655,hallway-6051-clwd-hallway,Room,40,217,,
1682,f110-8311-clwc-f110,Room,122,403,,
1859,"3310-2223-clwa-3310",Room,22,431,,
1366,"114-4001-clwa-114",Room,66,343,,
2197,"2510-6052-clwa-2510",Room,40,218,,
1275,"114-2341-clwa-114",Room,93,322,,
1181,"107-2011-clwa-107",Room,18,183,,
1618,"233-6252-clwa-233",Room,110,379,,
1766,"1100-2111-clwb-1100",Room,6,412,,
561,study-1012-clwc-study,Room,14,175,,
1918,"4200-3084-clwb-4200",Room,27,436,,
574,study-1022-clwc-study,Room,5,177,,
1348,-120-3131a-clwa-120,Room,97,338,,
2185,"1600-6051-clwd-1600",Room,40,217,,
1557,"143-6011-clwa-143",Room,39,216,,
1370,"184-4001-clwa-184",Room,66,343,,
2122,-2403-5172b-clwa-2403,Room,133,470,,
1507,-212-5202b-clwa-212,Room,35,209,,
1863,"4216hall-2224-clwa-4216hall",Room,22,432,,
2279,"4120-6114-clwa-4120",Room,134,479,,
911,G028-721b-clwa-G028,Room,47,278,,
2362,"2104-8362-clwa-2104",Room,53,491,,
872,"3650-0043-clwa-3650",Room,67,269,,
873,"3750-0043-clwa-3750",Room,67,269,,
1221,"270-2022-clwb-270",Room,86,307,,
1317,"444hall-3034-clwa-444hall",Room,26,328,,
2195,"2500-6052-clwa-2500",Room,40,218,,
1138,c215-113c2-clwa-c215,Room,17,303,,
2049,"1432-4021-clwa-1432",Room,130,453,,
2450,"250-c042-clwb-250",Room,139,500,,
1433,"122-4151-clwb-122",Room,103,351,,
1710,"285-8352-clwa-285",Room,124,406,,
924,b005Ahall-820b-clwa-b005Ahall,Room,79,280,,
1523,"110-5351-clwa-110",Room,107,365,,
2455,"200-c042-clwe-200",Room,139,500,,
1727,"204-8392-clwa-204",Room,81,408,,
2334,"1033hall-8191-clwa-1033hall",Room,137,489,,
1153,a229-113a2-clwc-a229,Room,17,302,,
1690,"132-8351-clwa-132",Room,124,405,,
1331,"100-3041-clwa-100",Room,95,334,,
1467,"100-5011-clwj-100",Room,106,356,,
2219,"3400hall-6053-clwa-3400hall",Room,40,219,,
1931,"5400-3085-clwa-5400",Room,27,437,,
1756,"3100-1013-clwa-3100",Room,14,411,,
2135,-4403-5174b-clwb-4403,Room,133,472,,
2411,"4054-8454-clwa-4054",Room,54,237,,
1795,"2200-2142-clwa-2200",Room,71,423,,
1255,"116-2211-clwa-116",Room,21,191,,
825,paciolan1-9031-clwa-paciolan1,Room,10,243,,
614,atrium-3251-clwa-atrium,Room,29,200,,
2422,"3000a-8503-clwa-3000a",Room,55,496,,
996,"4827hall-0084-clwa-4827hall",Room,3,286,,
2364,"2112-8362-clwa-2112",Room,53,491,,
1297,"346-3023-clwa-346",Room,25,324,,
800,"102hallway-0041-clwa-102hallway",Room,67,256,,
2165,"3300-5193-clwa-3300",Room,75,475,,
1996,"6122-3146-clwa-6122",Room,128,443,,
1577,"100-6101-clwa-100",Room,77,374,,
662,lecture-6051-clwh-lecture,Room,40,217,,
2414,"4400-8454-clwa-4400",Room,54,237,,
1950,"1431-3141-clwa-1431",Room,128,438,,
1362,"104-4001-clwb-104",Room,66,343,,
1901,"3111-3083-clwb-3111",Room,27,435,,
1970,"3065-3143-clwa-3065",Room,128,440,,
1836,"3366-2153-clwa-3366",Room,127,429,,
899,"324-0583-clwa-324",Room,76,275,,
1120,a134b-113a1-clwb-a134b,Room,17,302,,
2079,"1200-4031-clwa-1200",Room,131,458,,
990,"4460hall-0084-clwa-4460hall",Room,3,286,,
1527,"3125-0592-clwa-3125",Room,108,366,,
1387,"361-4003-clwa-361",Room,66,345,,
2449,"200-c042-clwb-200",Room,139,500,,
1127,c200-113c2-clwc-c200,Room,17,303,,
1779,"5130-2115-clwa-5130",Room,6,416,,
701,cardiohall-6802-clwa-cardiohall,Room,41,221,,
2191,"2100-6052-clwb-2100",Room,40,218,,
2037,hallway-3026-4013-clwa-hallway-3026,Room,30,450,,
2333,"1023hall-8191-clwa-1023hall",Room,137,489,,
712,paciolan-7131-clwa-paciolan,Room,46,226,,
1319,"529hall-3035-clwa-529hall",Room,26,329,,
865,"169-0411-clwb-169",Room,72,266,,
2515,"250-t112-clwe-250",Room,150,514,,
2502,office-scp1-clwa-office,Room,149,512,,
1384,"334hall-4003-clwa-334hall",Room,66,345,,
1982,"4219-3144-clwa-4219",Room,128,441,,
565,study-1012-clwg-study,Room,14,175,,
972,b200-839b-clwb-b200,Room,81,284,,
2389,"1207-8451-clwa-1207",Room,54,234,,
1141,a219a-113a2-clwb-a219a,Room,17,302,,
1128,b203-113b2-clwa-b203,Room,17,182,,
1351,"101b-3171-clwa-101b",Room,99,340,,
1309,"203-3032-clwa-203",Room,26,326,,
1540,"334-6003-clwa-334",Room,109,369,,
1081,a105-113a1-clwa-a105,Room,17,302,,
2458,"250-c042-clwf-250",Room,139,500,,
2297,"4072hall-6534-clwa-4072hall",Room,135,483,,
1497,"121-5121-clwa-121",Room,33,207,,
1113,a132-113a1-clwb-a132,Room,17,302,,
1063,"260-1112-clwa-260",Room,63,296,,
1000,b410hall-845b-clwa-b410hall,Room,54,287,,
951,"3100hall-0083-clwa-3100hall",Room,3,281,,
617,westwing-3253-clwa-westwing,Room,29,201,,
2484,"200-i412-clwf-200",Room,144,505,,
1902,"3115-3083-clwa-3115",Room,27,435,,
2253,"2104-6112-clwa-2104",Room,134,477,,
2379,"1113hall-8431-clwa-1113hall",Room,82,494,,
1875,"1120-3081-clwa-1120",Room,27,198,,
1028,-9-0901t-clwa-009,Room,83,289,,
1891,"2141-3082-clwa-2141",Room,27,434,,
1782,"2206-2132-clwa-2206",Room,126,418,,
1440,"235hall-4152-clwa-235hall",Room,103,352,,
2126,-3302-5173b-clwa-3302,Room,133,471,,
2058,hwy-3212-4023-clwa-hwy-3212,Room,130,455,,
1135,g205-113g2-clwd-g205,Room,17,301,,
1799,"2334-hallway-2142-clwa-2334-hallway",Room,71,423,,
1435,"124-4151-clwb-124",Room,103,351,,
716,lounge-8001-clwa-lounge,Room,49,229,,
1657,a112hall-8131-clwa-a112hall,Room,119,395,,
1843,"1200-2221-clwd-1200",Room,22,192,,
945,"3060hall-0083-clwa-3060hall",Room,3,281,,
906,G005-721b-clwb-G005,Room,47,278,,
1739,"300-8393-clwa-300",Room,81,409,,
2483,"200-i412-clwe-200",Room,144,505,,
1156,a229-113a2-clwf-a229,Room,17,302,,
1390,hwy410-4004-clwa-hwy410,Room,66,346,,
2469,commons-e331-clwb-commons,Room,142,503,,
1282,"174-3021-clwa-174",Room,25,195,,
1202,"105-2021-clwa-105",Room,86,306,,
1909,"3418-3083-clwa-3418",Room,27,435,,
2267,"3200-6113-clwa-3200",Room,134,478,,
2206,"3000-6053-clwa-3000",Room,40,219,,
2352,"1108-8361-clwa-1108",Room,53,233,,
842,"2001-0032-clwa-2001",Room,65,264,,
1844,"1200-2221-clwe-1200",Room,22,192,,
1583,"100-6101-clwg-100",Room,77,374,,
2325,"4042-7214-clwa-4042",Room,47,486,,
1761,"1117-1051-clwa-1117",Room,16,181,,
1977,"4051-3144-clwa-4051",Room,128,441,,
550,complab-903b-clwb-complab,Room,10,171,,
1375,"211-4002-clwa-211",Room,66,344,,
2314,"3006-7213-clwa-3006",Room,47,485,,
620,lobby-4011-clwa-lobby,Room,30,203,,
1720,"144hall-8391-clwa-144hall",Room,81,407,,
1551,"100-6011-clwa-100",Room,39,216,,
2092,"3321hall-4173-clwa-3321hall",Room,73,463,,
2033,hallway-2006-4012-clwa-hallway-2006,Room,30,449,,
2351,"1047-8361-clwa-1047",Room,53,233,,
1251,"100-2121-clwg-100",Room,88,312,,
837,"1121-0031-clwb-1121",Room,65,263,,
822,-100-0071a-clwa-100,Room,2,161,,
1403,"563-4005-clwa-563",Room,66,347,,
1519,-585-5205a-clwa-585,Room,35,211,,
1584,"100-6101-clwh-100",Room,77,374,,
2407,"4001-8454-clwa-4001",Room,54,237,,
1805,"3260-2143-clwb-3260",Room,71,424,,
1670,p202hall-8172-clwa-p202hall,Room,120,397,,
1498,"202-5121-clwa-202",Room,33,207,,
936,"3010-0083-clwa-3010",Room,3,281,,
1203,"117-2021-clwa-117",Room,86,306,,
1039,"300-1023-clwa-300",Room,5,178,,
2235,"1010-6111-clwa-1010",Room,134,476,,
937,"3010hall-0083-clwa-3010hall",Room,3,281,,
2103,"3209Hall-5033-clwa-3209Hall",Room,74,466,,
985,"4230-0084-clwa-4230",Room,3,286,,
1565,"210-6012-clwa-210",Room,39,372,,
1049,"113-1031-clwa-113",Room,15,180,,
1817,"5204-hallway-2145-clwa-5204-hallway",Room,71,426,,
1073,"512-1115-clwa-512",Room,63,299,,
1208,"145-2021-clwa-145",Room,86,306,,
2064,"4122-4024-clwa-4122",Room,130,456,,
1631,"160-7221-clwa-160",Room,113,384,,
791,"373-0033-clwa-373",Room,65,254,,
1130,b203-113b2-clwc-b203,Room,17,182,,
767,"130a-0021-clwa-130a",Room,64,250,,
817,room3-5331-clwa-room3,Room,69,259,,
589,elev-hallway-2015-clwa-elev-hallway,Room,18,186,,
2127,-3304-5173b-clwa-3304,Room,133,471,,
724,lobby-8451-clwa-lobby,Room,54,234,,
1709,"269-8352-clwa-269",Room,124,406,,
558,signshop-0971-clwa-signshop,Room,13,174,,
2123,-2403-5172b-clwb-2403,Room,133,470,,
2401,"3101-8453-clwa-3101",Room,54,236,,
2432,"211-a012-clwa-211",Room,138,498,,
785,"410-0024-clwa-410",Room,64,253,,
1024,"5800-0085-clwb-5800",Room,3,164,,
824,-200-0072a-clwa-200,Room,2,261,,
1096,-c114hall-113c1-clwa-c114hall,Room,17,303,,
711,cohen-theater-7131-clwa-cohen-theater,Room,46,226,,
1405,"591-4005-clwa-591",Room,66,347,,
1267,"108-2301-clwa-108",Room,90,317,,
1106,g118d-113g1-clwd-g118d,Room,17,301,,
1391,"411-4004-clwa-411",Room,66,346,,
1246,"100-2121-clwb-100",Room,88,312,,
1947,"1425-3141-clwa-1425",Room,128,438,,
754,track-9111-clwa-track,Room,60,245,,
2018,"1302-3251-clwa-1302",Room,29,200,,
836,"1121-0031-clwa-1121",Room,65,263,,
739,east-9012-clwa-east,Room,57,241,,
1685,f110-8311-clwf-f110,Room,122,403,,
2260,"2310-6112-clwa-2310",Room,134,477,,
2388,"1029-8451-clwa-1029",Room,54,234,,
2095,"1216Hall-5031-clwa-1216Hall",Room,74,464,,
1320,"609hall-3036-clwa-609hall",Room,26,330,,
2036,"2169-4012-clwa-2169",Room,30,449,,
661,lecture-6051-clwg-lecture,Room,40,217,,
1055,"155-1111-clwa-155",Room,63,295,,
2032,"1134-4011-clwa-1134",Room,30,203,,
1021,"5620-0085-clwa-5620",Room,3,164,,
1949,"1429-3141-clwa-1429",Room,128,438,,
2507,comm-t002-clwa-comm,Room,150,514,,
2517,-200-t112a-clwb-200,Room,150,514,,
976,b502-839b-clwa-b502,Room,81,284,,
541,basement-102b-clwc-basement,Room,5,166,,
2541,"350-twr3-clwa-350",Room,153,520,,
1778,"4186-2114-clwa-4186",Room,6,415,,
2128,-3403-5173b-clwa-3403,Room,133,471,,
1965,"2231-3142-clwa-2231",Room,128,439,,
2310,"2038-7212-clwa-2038",Room,47,484,,
1235,"206f-hall-2102-clwa-206f-hall",Room,20,310,,
635,drumwest-5204b-clwa-drumwest,Room,35,210,,
2372,"3070-8363-clwb-3070",Room,53,492,,
2371,"3070-8363-clwa-3070",Room,53,492,,
2468,commons-e331-clwa-commons,Room,142,503,,
656,lecture-6051-clwd-lecture,Room,40,217,,
1717,"140-8391-clwa-140",Room,81,407,,
1800,"2556-hallway-2142-clwa-2556-hallway",Room,71,423,,
1820,"5343-hallway-2145-clwa-5343-hallway",Room,71,426,,
563,study-1012-clwe-study,Room,14,175,,
1754,"201-9012-clwa-201",Room,57,241,,
2539,suite-f-twr1-clwb-suite-f,Room,153,518,,
1700,aud189-8351-clwe-aud189,Room,124,405,,
1487,"282-5022-clwa-282",Room,68,358,,
1922,"4430-3084-clwa-4430",Room,27,436,,
1679,e118hall-8271-clwa-e118hall,Room,52,232,,
847,"2009-0032-clwb-2009",Room,65,264,,
1358,"101-4001-clwb-101",Room,66,343,,
1979,"4065-3144-clwa-4065",Room,128,441,,
1020,"5610-0085-clwa-5610",Room,3,164,,
1610,"104hall-6251-clwa-104hall",Room,110,378,,
1530,"129hall-6001-clwa-129hall",Room,109,367,,
2106,"3416-5033-clwa-3416",Room,74,466,,
2399,"2200-8452-clwc-2200",Room,54,235,,
2240,"1070-6111-clwa-1070",Room,134,476,,
2174,-6305hall-5206a-clwa-6305hall,Room,35,212,,
850,"2038hall-0032-clwa-2038hall",Room,65,264,,
1400,"539-4005-clwa-539",Room,66,347,,
1762,"2000-1052-clwa-2000",Room,16,294,,
803,"202-0042-clwa-202",Room,67,257,,
1496,"106-5121-clwa-106",Room,33,207,,
2044,hallway-5042-4015-clwa-hallway-5042,Room,30,452,,
1612,"128-6251-clwa-128",Room,110,378,,
2162,"3025hallway-5193-clwa-3025hallway",Room,75,475,,
1671,p206hall-8172-clwa-p206hall,Room,120,397,,
1422,"230-4132-clwa-230",Room,102,350,,
2438,"150-c001-clwc-150",Room,139,499,,
542,MDF-211b-clwa-MDF,Room,6,167,,
2171,"3622hallway-5193-clwa-3622hallway",Room,75,475,,
2394,"2000-8452-clwa-2000",Room,54,235,,
2329,"2202-7272-clwa-2202",Room,136,487,,
1471,"134-5021-clwb-134",Room,68,357,,
537,elevator-0085-clwa-elevator,Room,3,164,,
1416,"120-4131-clwa-120",Room,102,349,,
742,stewart-9012-clwa-stewart,Room,57,241,,
1561,"178-6011-clwb-178",Room,39,216,,
1338,"100-3051-clwc-100",Room,96,336,,
977,b700c-839b-clwa-b700c,Room,81,284,,
1260,"223-2212-clwa-223",Room,21,314,,
1988,"5065-3145-clwa-5065",Room,128,442,,
2225,"3610-6053-clwa-3610",Room,40,219,,
1271,"109-2321-clwa-109",Room,92,321,,
1009,g317hall-850b-clwa-g317hall,Room,55,288,,
2198,"2600-6052-clwa-2600",Room,40,218,,
1770,"1148b-2111-clwa-1148b",Room,6,412,,
1648,"109f-8101-clwa-109f",Room,117,392,,
2014,w3330hall-3213a-clwa-w3330hall,Room,129,446,,
1838,"1100-2221-clwa-1100",Room,22,192,,
1346,-100-3131a-clwa-100,Room,97,338,,
831,"1056hall-0031-clwa-1056hall",Room,65,263,,
1027,-7-0901t-clwa-007,Room,83,289,,
660,lecture-6051-clwf-lecture,Room,40,217,,
1850,"2100-2222-clwa-2100",Room,22,430,,
1415,"100-4111-clwJ-100",Room,101,348,,
997,b111hall-845b-clwa-b111hall,Room,54,287,,
688,juicebar-6801-clwa-juicebar,Room,41,220,,
2159,"2400-5192-clwa-2400",Room,75,474,,
908,G010-721b-clwa-G010,Room,47,278,,
1958,"2039-3142-clwa-2039",Room,128,439,,
1160,g244-113g2-clwa-g244,Room,17,301,,
2096,"1310b-5031-clwa-1310b",Room,74,464,,
2246,"1128-6111-clwa-1128",Room,134,476,,
1429,"118-4151-clwb-118",Room,103,351,,
949,"3083hall-0083-clwa-3083hall",Room,3,281,,
1307,"201-3032-clwa-201",Room,26,326,,
2023,"2301-3252-clwa-2301",Room,29,448,,
821,"124-0061-clwa-124",Room,70,260,,
2442,"150-c001-clwg-150",Room,139,499,,
1177,"100-2001-clwc-100",Room,85,304,,
531,courtyard-0082-clwa-courtyard,Room,3,163,,
710,right-ent-7111-clwa-right-ent,Room,45,225,,
1254,"112-2211-clwa-112",Room,21,191,,
1827,"1306-2151-clwb-1306",Room,127,427,,
2481,"200-i412-clwc-200",Room,144,505,,
1491,"426-5024-clwa-426",Room,68,360,,
2324,"4030-7214-clwa-4030",Room,47,486,,
1904,"3130-3083-clwa-3130",Room,27,435,,
1376,"237-4002-clwa-237",Room,66,344,,
2356,"2011hall-8362-clwa-2011hall",Room,53,491,,
1111,a131-113a1-clwa-a131,Room,17,302,,
2194,"2210-6052-clwa-2210",Room,40,218,,
2196,"2500-6052-clwb-2500",Room,40,218,,
1750,"354hall-8393-clwa-354hall",Room,81,409,,
606,terminal-2381-clwa-terminal,Room,24,194,,
1283,"174-3021-clwb-174",Room,25,195,,
1703,aud189-8351-clwh-aud189,Room,124,405,,
971,b200-839b-clwa-b200,Room,81,284,,
2378,"1105hall-8431-clwa-1105hall",Room,82,494,,
2002,-111-3211b-clwa-e1114,Room,129,444,,
1597,"307hall-6103-clwa-307hall",Room,77,376,,
1396,"481-4004-clwa-481",Room,66,346,,
2233,"3750-6053-clwa-3750",Room,40,219,,
1187,"220A-2012-clwb-220A",Room,18,305,,
2085,"2940-4042-clwa-2940",Room,132,460,,
1892,"2150-3082-clwa-2150",Room,27,434,,
1326,"729hall-3037-clwa-729hall",Room,26,331,,
1554,"112-6011-clwa-112",Room,39,216,,
622,cavern-5001-clwb-cavern,Room,31,204,,
2480,"200-i412-clwb-200",Room,144,505,,
2472,"250-i312-clwa-250",Room,144,505,,
1068,"354-1113-clwa-354",Room,63,297,,
1289,"193-3021-clwa-193",Room,25,195,,
1410,"100-4111-clwe-100",Room,101,348,,
2137,"1200-5191-clwa-1200",Room,75,473,,
944,"3060-0083-clwa-3060",Room,3,281,,
1303,"432-3024-clwa-432",Room,25,325,,
2412,"4100-8454-clwa-4100",Room,54,237,,
1210,"155-2021-clwa-155",Room,86,306,,
1914,"4121-3084-clwa-4121",Room,27,436,,
783,"405hall-0024-clwa-405hall",Room,64,253,,
2309,"2037-7212-clwd-2037",Room,47,484,,
1573,"262-6012-clwa-262",Room,39,372,,
2503,"108hall-t001-clwa-108hall",Room,150,513,,
1204,"119-2021-clwa-119",Room,86,306,,
2306,"2037-7212-clwa-2037",Room,47,484,,
2119,-2242-5172a-clwa-2242,Room,133,470,,
2501,a-clubhouse-pv2500-clwa-clubhouse,Room,148,511,,
1273,"112mdf-2321-clwa-112mdf",Room,92,321,,
2216,"3255-6053-clwa-3255",Room,40,219,,
696,fitnesslab-6801-clwc-fitnesslab,Room,41,220,,
1566,"220-6012-clwa-220",Room,39,372,,
2283,"1010-6531-clwa-1010",Room,135,480,,
533,patio-0082-clwa-patio,Room,3,163,,
1535,"230-6002-clwa-230",Room,109,368,,
2016,s4211-3214a-clwa-s4211,Room,129,447,,
1907,"3207-3083-clwa-3207",Room,27,435,,
1801,"3209-hallway-2143-clwa-3209-hallway",Room,71,424,,
1552,"105-6011-clwa-105",Room,39,216,,
900,b100-605b-clwa-b100,Room,40,276,,
603,room5-0231-clwa-room5,Room,7,168,,
653,hallway-6051-clwc-hallway,Room,40,217,,
834,"1111-0031-clwb-1111",Room,65,263,,
1091,b109-113b1-clwa-b109,Room,17,182,,
1816,"4566-hallway-2144-clwa-4566-hallway",Room,71,425,,
772,"226f-hwy-0022-clwa-226f-hwy",Room,64,251,,
2513,"250-t112-clwc-250",Room,150,514,,
1629,"249-7152-clwa-249",Room,112,383,,
1077,a103-113a1-clwa-a103,Room,17,302,,
2020,"1400-3251-clwb-1400",Room,29,200,,
1871,"5400-2225-clwa-5400",Room,22,433,,
1043,"400-1024-clwa-400",Room,5,179,,
1590,"185-6101-clwa-185",Room,77,374,,
1418,"140-4131-clwa-140",Room,102,349,,
2226,"3610-6053-clwb-3610",Room,40,219,,
1699,aud189-8351-clwd-aud189,Room,124,405,,
1976,"4039-3144-clwa-4039",Room,128,441,,
2359,"2090-8362-clwa-2090",Room,53,491,,
2319,"3100-7213-clwb-3100",Room,47,485,,
1653,"326-8121-clwa-326",Room,50,230,,
1051,"201ehall-1052-clwa-201ehall",Room,16,294,,
2542,"380-twr3-clwa-380",Room,153,520,,
1990,"5209-3145-clwa-5209",Room,128,442,,
2190,"2100-6052-clwa-2100",Room,40,218,,
1678,"451-8254-clwa-451",Room,51,402,,
699,admin-6802-clwa-admin,Room,41,221,,
1866,"4530-2224-clwa-4530",Room,22,432,,
691,wellnesslab-6801-clwa-wellnesslab,Room,41,220,,
652,lounge-6051-clwb-lounge,Room,40,217,,
1040,"380-1023-clwa-380",Room,5,178,,
1716,"122-8391-clwa-122",Room,81,407,,
1198,"610-2016-clwa-610",Room,18,187,,
810,"126hall-0051-clwa-126hall",Room,1,160,,
2548,commons-ver1-clwa-commons,Room,157,524,,
590,elev-hallway-2016-clwa-elev-hallway,Room,18,187,,
1680,f110-8311-clwa-f110,Room,122,403,,
668,hallway-6052-clwa-hallway,Room,40,218,,
1318,"502hall-3035-clwa-502hall",Room,26,329,,
532,lobby-0082-clwa-lobby,Room,3,163,,
928,"2050-0082-clwa-2050",Room,3,163,,
2369,"3044-8363-clwa-3044",Room,53,492,,
1012,"5000hall-0085-clwa-5000hall",Room,3,164,,
2156,"2300-5192-clwb-2300",Room,75,474,,
2367,"3004-8363-clwc-3004",Room,53,492,,
953,L001-836b-clwb-L001,Room,53,282,,
1083,c105-113c1-clwa-c105,Room,17,303,,
1964,"2219-3142-clwa-2219",Room,128,439,,
743,west-9012-clwa-west,Room,57,241,,
2393,"1514-8451-clwa-1514",Room,54,234,,
604,conf-2331-clwa-conf,Room,23,193,,
1284,"174-3021-clwc-174",Room,25,195,,
1199,"640-2016-clwa-640",Room,18,187,,
2062,"3400-4023-clwb-3400",Room,130,455,,
2055,hwy-2432-4022-clwa-hwy-2432,Room,130,454,,
1493,"520-5025-clwa-520",Room,68,361,,
1659,a124-8131-clwa-a124,Room,119,395,,
2203,"2710-6052-clwa-2710",Room,40,218,,
1395,"463-4004-clwa-463",Room,66,346,,
1377,hwy240-4002-clwa-hwy240,Room,66,344,,
723,patio-8361-clwa-patio,Room,53,233,,
1112,a132-113a1-clwa-a132,Room,17,302,,
919,"1025-0081-clwa-1025",Room,3,162,,
1006,g116-850b-clwa-g116,Room,55,288,,
2077,"1100-4031-clwf-1100",Room,131,458,,
1636,"209-7252-clwa-209",Room,114,386,,
2496,trailer-m791-clwc-trailer,Room,147,508,,
1839,"1128-2221-clwa-1128",Room,22,192,,
1821,"5402-2145-clwa-5402",Room,71,426,,
1306,"152hall-3031-clwa-152hall",Room,26,197,,
1075,"611a-1116-clwa-611a",Room,63,300,,
1695,"182hall-8351-clwa-182hall",Room,124,405,,
685,lounge-6053-clwb-lounge,Room,40,219,,
2345,"2219hall-8202-clwa-2219hall",Room,79,398,,
2512,"250-t112-clwb-250",Room,150,514,,
2506,"158-t001-clwa-158",Room,150,513,,
1900,"3111-3083-clwa-3111",Room,27,435,,
838,"1131-0031-clwa-1131",Room,65,263,,
2303,"1901-Lobby-7211-clwb-1901-Lobby",Room,47,227,,
2266,"3118-6113-clwa-3118",Room,134,478,,
1239,"303-hall-2103-clwa-303-hall",Room,20,311,,
1814,"4323-hallway-2144-clwa-4323-hallway",Room,71,425,,
2470,mdf-grp1-clwa-mdf,Room,143,504,,
986,"4250-0084-clwa-4250",Room,3,286,,
2342,"1603hall-8201-clwa-1603hall",Room,79,490,,
828,g231-214b-clwa-g231,Room,71,262,,
1482,"237-5022-clwa-237",Room,68,358,,
1105,g118d-113g1-clwc-g118d,Room,17,301,,
1420,"210-4132-clwa-210",Room,102,350,,
1807,"3323-2143-clwa-3323",Room,71,424,,
1261,"232-2212-clwa-232",Room,21,314,,
1470,"134-5021-clwa-134",Room,68,357,,
863,"147hall-0411-clwa-147hall",Room,72,266,,
954,L001-836b-clwc-L001,Room,53,282,,
1684,f110-8311-clwe-f110,Room,122,403,,
1397,"491-4004-clwa-491",Room,66,346,,
2116,-1413-5171a-clwa-1413,Room,133,469,,
1053,"107-1111-clwa-107",Room,63,295,,
1790,"1209-hallway-2141-clwa-1209-hallway",Room,71,422,,
1166,g308hall-113g3-clwa-g308Nhall,Room,17,301,,
2257,"2200-6112-clwa-2200",Room,134,477,,
654,lecture-6051-clwc-lecture,Room,40,217,,
1810,"4220-2144-clwa-4220",Room,71,425,,
1853,"2300-2222-clwa-2300",Room,22,430,,
1582,"100-6101-clwf-100",Room,77,374,,
2080,"1200-4031-clwb-1200",Room,131,458,,
894,b520-519b-clwa-b520,Room,75,272,,
994,"4800-0084-clwa-4800",Room,3,286,,
1305,"115hall-3031-clwa-115hall",Room,26,197,,
1548,"500e-6005-clwa-500e",Room,109,371,,
1960,"2059-3142-clwa-2059",Room,128,439,,
2138,"1200-5191-clwb-1200",Room,75,473,,
2301,"1201-7211-clwb-1201",Room,47,227,,
1747,"350-8393-clwa-350",Room,81,409,,
2312,"2052-7212-clwa-2052",Room,47,484,,
1355,"141-3231-clwa-141",Room,100,341,,
1100,g118b-113g1-clwa-g118b,Room,17,301,,
1664,s206hall-8171-clwa-s206hall,Room,120,396,,
818,room4-5331-clwa-room4,Room,69,259,,
2511,"250-t112-clwa-250",Room,150,514,,
1098,c117-113c1-clwa-c117,Room,17,303,,
1753,"128-9011-clwa-128",Room,57,240,,
1559,"161a-6011-clwa-161a",Room,39,216,,
2529,"200-t202-clwd-200",Room,151,516,,
938,"3020-0083-clwa-3020",Room,3,281,,
1190,"238-2012-clwa-238",Room,18,305,,
1286,"183-3021-clwa-183",Room,25,195,,
932,"2080-0082-clwa-2080",Room,3,163,,
2467,"153hall-cpt1-clwa-153hall",Room,141,502,,
2182,"1600-6051-clwa-1600",Room,40,217,,
540,basement-102b-clwb-basement,Room,5,166,,
646,courtyard-6011-clwb-courtyard,Room,39,216,,
2218,"3310-6053-clwa-3310",Room,40,219,,
1549,"528-6005-clwa-528",Room,109,371,,
1185,"220A-2012-clwa-220A",Room,18,305,,
1675,"340-8253-clwa-340",Room,51,401,,
745,catwalk-9012-clwc-catwalk,Room,57,241,,
704,fieldhouse-6841-clwa-fieldhouse,Room,43,223,,
2180,"1120-6051-clwa-1120",Room,40,217,,
2302,"1201-7211-clwc-1201",Room,47,227,,
753,paciolan-9111-clwa-paciolan,Room,60,245,,
1534,"229hall-6002-clwa-229hall",Room,109,368,,
597,courtyard-2211-clwb-courtyard,Room,21,191,,
1663,r206-8171-clwa-r206,Room,120,396,,
1942,"1300-3141-clwb-1300",Room,128,438,,
1084,c105-113c1-clwb-c105,Room,17,303,,
2073,"1100-4031-clwb-1100",Room,131,458,,
689,mdf-6801-clwa-mdf,Room,41,220,,
1067,"345chall-1113-clwa-345chall",Room,63,297,,
1835,"3336-2153-clwa-3336",Room,127,429,,
1350,"103-3151-clwa-103",Room,98,339,,
2024,"2421-3252-clwa-2421",Room,29,448,,
1625,"190a-7141-clwa-190a",Room,111,380,,
782,"342-0023-clwa-342",Room,64,252,,
2463,"013hall-cpt1-clwa-013hall",Room,141,502,,
2239,"1030-6111-clwb-1030",Room,134,476,,
2386,"2501-8432-clwa-2501",Room,82,495,,
843,"2001-0032-clwb-2001",Room,65,264,,
2213,"3200hall-6053-clwf-3200hall",Room,40,219,,
2169,"3400-5193-clwb-3400",Room,75,475,,
1417,"120-4131-clwb-120",Room,102,349,,
2104,"3236Hall-5033-clwa-3236Hall",Room,74,466,,
1667,r402hall-8171-clwa-r402hall,Room,120,396,,
1957,"2019-3142-clwa-2019",Room,128,439,,
2417,"1117hall-8501-clwa-1117hall",Room,55,238,,
547,lot-1c-0071-clwa-lot-1c,Room,2,161,,
2222,"3600-6053-clwa-3600",Room,40,219,,
974,b300-839b-clwa-b300,Room,81,284,,
700,backcourtgym-6802-clwa-backcourtgym,Room,41,221,,
2040,hallway-4024-4014-clwa-hallway-4024,Room,30,451,,
1129,b203-113b2-clwb-b203,Room,17,182,,
546,-518-clwb,Room,9,170,,
1343,"110-3051-clwb-110",Room,96,336,,
2434,"218-a012-clwa-218",Room,138,498,,
2375,"3125-8363-clwa-3125",Room,53,492,,
1721,"150-8391-clwa-150",Room,81,407,,
1036,"101a-1021-clwa-101a",Room,5,176,,
1777,"4128-2114-clwa-4128",Room,6,415,,
1170,g413-113g4-clwa-g413,Room,17,301,,
1912,"4111-3084-clwa-4111",Room,27,436,,
2353,"1120-8361-clwa-1120",Room,53,233,,
948,"3080hall-0083-clwa-3080hall",Room,3,281,,
2281,"4301-6114-clwa-4301",Room,134,479,,
2465,"35-cpt1-clwa-035",Room,141,502,,
591,elev-hallway-2017-clwa-elev-hallway,Room,18,188,,
2009,e3101-3213b-clwa-e3101,Room,129,446,,
1506,-184-5201a-clwa-184,Room,35,363,,
2069,"4400-4024-clwb-4400",Room,130,456,,
1087,b106-113b1-clwa-b106,Room,17,182,,
2404,"3200-8453-clwa-3200",Room,54,236,,
1692,"155c-8351-clwa-155c",Room,124,405,,
1792,"1241-2141-clwa-1241",Room,71,422,,
2121,-2302-5172b-clwb-2302,Room,133,470,,
2071,hwy-5217-4025-clwa-hwy-5217,Room,130,457,,
2102,"3108Hall-5033-clwa-3108Hall",Room,74,466,,
2027,"4006-3254-clwa-4006",Room,29,202,,
1069,"436-1114-clwa-436",Room,63,298,,
1847,"1400-2221-clwa-1400",Room,22,192,,
1223,"290-2022-clwb-290",Room,86,307,,
2486,"200-i412-clwh-200",Room,144,505,,
2039,"3171a-4013-clwa-3171a",Room,30,450,,
2089,"2313-4172-clwa-2313",Room,73,462,,
2205,"2800-6052-clwb-2800",Room,40,218,,
2114,-1114a-5171a-clwa-1114a,Room,133,469,,
1324,"652-3036-clwa-652",Room,26,330,,
628,drumsouth-5202a-clwa-drumsouth,Room,35,209,,
1468,"128-5021-clwa-128",Room,68,357,,
672,lecture-6052-clwb-lecture,Room,40,218,,
1093,b109-113b1-clwc-b109,Room,17,182,,
1386,"345-4003-clwa-345",Room,66,345,,
717,meeting-8001-clwa-meeting,Room,49,229,,
1052,"203-1052-clwa-203",Room,16,294,,
1736,"250-8392-clwc-250",Room,81,408,,
2392,"1302-8451-clwa-1302",Room,54,234,,
2237,"1022-6111-clwa-1022",Room,134,476,,
1192,"340-2013-clwa-340",Room,18,184,,
1412,"100-4111-clwg-100",Room,101,348,,
1611,"109hall-6251-clwa-109hall",Room,110,378,,
1180,"100-2001-clwf-100",Room,85,304,,
2385,"2101-8432-clwa-2101",Room,82,495,,
2201,"2700-6052-clwa-2700",Room,40,218,,
1868,"5100hall-2225-clwa-5100hall",Room,22,433,,
1752,"111-8971-clwa-111",Room,125,410,,
983,"4100hall-0084-clwa-4100hall",Room,3,286,,
1115,a134a-113a1-clwa-a134a,Room,17,302,,
2146,"1200-5191-clwj-1200",Room,75,473,,
564,study-1012-clwf-study,Room,14,175,,
1560,"178-6011-clwa-178",Room,39,216,,
1598,"315hall-6103-clwa-315hall",Room,77,376,,
1998,"6217-3146-clwa-6217",Room,128,443,,
2259,"2230-6112-clwa-2230",Room,134,477,,
770,"201d-hwy-0022-clwa-201d-hwy",Room,64,251,,
2531,familyrm-tuh1-clwa-familyrm,Room,152,517,,
2046,"1132-4021-clwa-1132",Room,130,453,,
787,"420-0024-clwb-420",Room,64,253,,
1499,"214a-5121-clwa-214a",Room,33,207,,
1080,a104-113a1-clwb-a104,Room,17,302,,
2177,"1100-6051-clwb-1100",Room,40,217,,
1588,"153-6101-clwa-153",Room,77,374,,
640,drumwest-5205B-clwa-drumWest,Room,35,211,,
1125,-c200b-113c2-clwa-c200b,Room,17,303,,
1858,"3300-2223-clwa-3300",Room,22,431,,
1885,"1200-3081-clwf-1200",Room,27,198,,
625,conference-5063-clwa-conference,Room,32,206,,
913,G030-721b-clwa-G030,Room,47,278,,
1124,c200-113c2-clwa-c200,Room,17,303,,
1295,"253-3022-clwa-253",Room,25,196,,
1626,"290-7142-clwa-290",Room,111,381,,
2124,-3112-5173a-clwa-3112,Room,133,471,,
947,"3080-0083-clwa-3080",Room,3,281,,
1613,"129-6251-clwa-129",Room,110,378,,
958,L017hall-836b-clwa-L017hall,Room,53,282,,
2109,"4307Hall-5034-clwa-4307Hall",Room,74,467,,
1213,"168-2021-clwa-168",Room,86,306,,
1704,aud189-8351-clwi-aud189,Room,124,405,,
1070,"437f-1114-clwa-437f",Room,63,298,,
2238,"1030-6111-clwa-1030",Room,134,476,,
1044,"400-1024-clwb-400",Room,5,179,,
1622,"120-7131-clwa-120",Room,46,226,,
1595,"249hall-6102-clwa-249hall",Room,77,375,,
2533,guest-tuh1-clwa-guest,Room,152,517,,
1711,"291-8352-clwa-291",Room,124,406,,
2241,"1070-6111-clwb-1070",Room,134,476,,
1831,"2317-2152-clwa-2317",Room,127,428,,
2034,"2046-4012-clwa-2046",Room,30,449,,
1731,"240-8392-clwb-240",Room,81,408,,
1414,"100-4111-clwI-100",Room,101,348,,
1873,"1111-3081-clwa-1111",Room,27,198,,
1359,"101-4001-clwc-101",Room,66,343,,
2052,hwy-2214-4022-clwa-hwy-2214,Room,130,454,,
1443,"256-4152-clwa-256",Room,103,352,,
1056,"160-1111-clwa-160",Room,63,295,,
2212,"3200hall-6053-clwe-3200hall",Room,40,219,,
991,"4600-0084-clwa-4600",Room,3,286,,
1313,"331-3033-clwa-331",Room,26,327,,
959,L028-836b-clwa-L028,Room,53,282,,
1724,"154hall-8391-clwa-154hall",Room,81,407,,
1841,"1200-2221-clwb-1200",Room,22,192,,
2223,"3600hall-6053-clwa-3600hall",Room,40,219,,
2178,"1110-6051-clwa-1110",Room,40,217,,
1763,"2200-1052-clwa-2200",Room,16,294,,
1277,"167-2361-clwa-167",Room,94,323,,
738,catwalk-9012-clwa-catwalk,Room,57,241,,
566,govinfo-1021-clwa-govinfo,Room,5,176,,
768,"130b-0021-clwa-130b",Room,64,250,,
763,"110-0021-clwa-110",Room,64,250,,
2336,"1200-8201-clwa-1200",Room,79,490,,
1078,a103-113a1-clwb-a103,Room,17,302,,
1268,"204-2302-clwa-204",Room,90,318,,
1500,"300-5121-clwa-300",Room,33,207,,
1172,g458-113g4-clwa-g458,Room,17,301,,
1802,"3220-2143-clwa-3220",Room,71,424,,
2410,"4025-8454-clwa-4025",Room,54,237,,
1545,"430-6004-clwa-430",Room,109,370,,
569,study-1021-clwb-study,Room,5,176,,
1285,"180-3021-clwa-180",Room,25,195,,
713,cohen-theater-7131-clwb-cohen-theater,Room,46,226,,
570,holden-1022-clwa-holden,Room,5,177,,
1076,g102-113g1-clwa-g102,Room,17,301,,
2443,"150-c001-clwh-150",Room,139,499,,
2328,"4066-7214-clwa-4066",Room,47,486,,
1740,"304-8393-clwa-304",Room,81,409,,
1163,g306g-113g3-clwa-g306g,Room,17,301,,
1978,"4059-3144-clwa-4059",Room,128,441,,
2188,"1700-6051-clwc-1700",Room,40,217,,
1102,g118d-113g1-clwa-g118d,Room,17,301,,
1546,"459hall-6004-clwa-459hall",Room,109,370,,
2042,"4171-4014-clwa-4171",Room,30,451,,
637,barsouth-5205b-clwa-barSouth,Room,35,211,,
1857,"3205hall-2223-clwa-3205hall",Room,22,431,,
2508,uadv-t002-clwa-uadv,Room,150,514,,
1455,"200-4502-clwa-200",Room,105,355,,
1660,a124-8131-clwb-a124,Room,119,395,,
939,"3030-0083-clwa-3030",Room,3,281,,
966,b218hall-837b-clwa-b218hall,Room,80,283,,
1291,"213-3022-clwa-213",Room,25,196,,
1813,"4260-2144-clwa-4260",Room,71,425,,
2547,"111-v681-clwa-111",Room,156,523,,
2186,"1700-6051-clwa-1700",Room,40,217,,
1650,"125-8101-clwa-125",Room,117,392,,
931,"2070-0082-clwa-2070",Room,3,163,,
2038,"3122-4013-clwa-3122",Room,30,450,,
1281,"171-3021-clwa-171",Room,25,195,,
840,"1131-0031-clwc-1131",Room,65,263,,
858,b012-401b-clwa-b012,Room,30,265,,
1381,"293-4002-clwa-293",Room,66,344,,
812,"145hall-0051-clwa-145hall",Room,1,160,,
1677,"446-8254-clwa-446",Room,51,402,,
1409,"100-4111-clwd-100",Room,101,348,,
1898,"2430-3082-clwa-2430",Room,27,434,,
2125,-3242-5173a-clwa-3242,Room,133,471,,
1425,"110-4151-clwa-110",Room,103,351,,
1633,"101-7251-clwa-101",Room,114,385,,
2167,"3300-5193-clwc-3300",Room,75,475,,
1489,"346-5023-clwa-346",Room,68,359,,
1466,"100-5011-clwI-100",Room,106,356,,
1193,"408-2014-clwa-408",Room,18,185,,
647,hallway-6051-clwa-hallway,Room,40,217,,
2466,"142hall-cpt1-clwa-142hall",Room,141,502,,
846,"2009-0032-clwa-2009",Room,65,264,,
2010,e3112-3213b-clwa-e3112,Room,129,446,,
946,"3070-0083-clwa-3070",Room,3,281,,
1672,"206hall-8202-clwa-206hall",Room,79,398,,
2326,"4054-7214-clwa-4054",Room,47,486,,
2065,hwy-4212-4024-clwa-hwy-4212,Room,130,456,,
619,westwing-3254-clwa-westwing,Room,29,202,,
1013,"5010-0085-clwa-5010",Room,3,164,,
750,training-9031-clwb-training,Room,10,243,,
1231,"112-hall-2101-clwa-112-hall",Room,20,190,,
1945,"1422-3141-clwa-1422",Room,128,438,,
1851,"2100-2222-clwb-2100",Room,22,430,,
2528,"200-t202-clwc-200",Room,151,516,,
1293,"243-3022-clwa-243",Room,25,196,,
560,study-1012-clwb-study,Room,14,175,,
793,b61-400b-clwa-b61,Room,66,255,,
1046,"525-1025-clwa-525",Room,5,293,,
901,b100-605b-clwb-b100,Room,40,276,,
2099,"2205Hall-5032-clwa-2205Hall",Room,74,465,,
2041,"4129a-4014-clwa-4129a",Room,30,451,,
1272,"111-2321-clwa-111",Room,92,321,,
950,"3100-0083-clwa-3100",Room,3,281,,
748,gym-9031-clwa-gym,Room,10,243,,
1697,aud189-8351-clwb-aud189,Room,124,405,,
955,L001-836b-clwd-L001,Room,53,282,,
2360,"2092-8362-clwa-2092",Room,53,491,,
596,courtyard-2211-clwa-courtyard,Room,21,191,,
1110,a130-113a1-clwb-a130,Room,17,302,,
926,"2030-0082-clwa-2030",Room,3,163,,
1848,"1400-2221-clwb-1400",Room,22,192,,
2209,"3200hall-6053-clwb-3200hall",Room,40,219,,
1167,a309-113a3-clwa-a309,Room,17,302,,
1505,-175-5201a-clwa-175,Room,35,363,,
2031,"1123-4011-clwa-1123",Room,30,203,,
897,"125-0581-clwa-125",Room,76,273,,
2492,planter-ip41-clwa-planter,Room,146,507,,
978,b103-843b-clwa-b103,Room,82,285,,
2276,"4035-6114-clwa-4035",Room,134,479,,
1101,g118c-113g1-clwa-g118c,Room,17,301,,
1702,aud189-8351-clwg-aud189,Room,124,405,,
2294,"3030-6533-clwa-3030",Room,135,482,,
1758,"1002-1051-clwa-1002",Room,16,181,,
1442,"252-4152-clwa-252",Room,103,352,,
775,"310-0023-clwa-310",Room,64,252,,
736,koll-9011-clwa-koll,Room,57,240,,
1938,"1100-3141-clwe-1100",Room,128,438,,
690,pool-6801-clwa-pool,Room,41,220,,
2374,"3119-8363-clwa-3119",Room,53,492,,
918,"1020-0081-clwa-1020",Room,3,162,,
1032,"201-0921-clwa-201",Room,4,290,,
2402,"3101-8453-clwb-3101",Room,54,236,,
1760,"1020-1051-clwa-1020",Room,16,181,,
886,b445hall-503b-clwa-b445hall,Room,74,271,,
917,"1015hall-0081-clwa-1015hall",Room,3,162,,
1619,"262-6802-clwa-262",Room,41,221,,
1693,"171b-8351-clwa-171b",Room,124,405,,
740,northeast-9012-clwa-northeast,Room,57,241,,
2173,-6165hall-5206a-clwa-6165hall,Room,35,212,,
1927,"5268hall-3085-clwa-5268hall",Room,27,437,,
856,"3460hall-0033-clwa-3460hall",Room,65,254,,
2063,"4114-4024-clwa-4114",Room,130,456,,
2536,saferm-tuh1-clwa-saferm,Room,152,517,,
962,L048-836b-clwa-L048,Room,53,282,,
1298,"360-3023-clwa-360",Room,25,324,,
2230,"3720-6053-clwa-3720",Room,40,219,,
1635,"201-7252-clwa-201",Room,114,386,,
719,incinerator-8121-clwa-incinerator,Room,50,230,,
1383,hwy310-4003-clwa-hwy310,Room,66,345,,
809,b62b-502b-clwa-b62b,Room,68,258,,
1989,"5099-3145-clwa-5099",Room,128,442,,
1995,"6049-3146-clwa-6049",Room,128,443,,
998,b200hall-845b-clwa-b200hall,Room,54,287,,
1708,"246-8352-clwa-246",Room,124,406,,
548,complab-903b-clwa-complab,Room,10,171,,
1642,"122-8001-clwa-122",Room,49,229,,
1906,"3200-3083-clwa-3200",Room,27,435,,
673,lounge-6052-clwb-lounge,Room,40,218,,
896,b540-519b-clwa-b540,Room,75,272,,
2446,"150-c001-clwk-150",Room,139,499,,
1108,a126-113a1-clwa-a126,Room,17,302,,
623,cavern-5001-clwc-cavern,Room,31,204,,
1616,"204hall-6252-clwa-204hall",Room,110,379,,
1981,"4209-3144-clwa-4209",Room,128,441,,
1643,"106-8021-clwa-106",Room,116,390,,
1292,"219-3022-clwa-219",Room,25,196,,
2118,-2144-5172a-clwa-2144,Room,133,470,,
649,lounge-6051-clwa-lounge,Room,40,217,,
692,buslot-6801-clwb-buslot,Room,41,220,,
1234,"160-2101-clwa-160",Room,20,190,,
580,parkroom-1031-clwa-parkroom,Room,15,180,,
2544,"380-twr3-clwb-380",Room,153,520,,
995,"4800-0084-clwb-4800",Room,3,286,,
2221,"3500hall-6053-clwa-3500hall",Room,40,219,,
1943,"1412-3141-clwa-1412",Room,128,438,,
1168,g318-113g3-clwa-g318,Room,17,301,,
2491,hallway-ip41-clwa-hallway,Room,146,507,,
1888,"2111-3082-clwa-2111",Room,27,434,,
556,maintoffice-0971-clwa-maintoffice,Room,13,174,,
683,lecture-6052-clwh-lecture,Room,40,218,,
1269,"102-2311-clwa-102",Room,91,319,,
1092,b109-113b1-clwb-b109,Room,17,182,,
766,"120b-0021-clwa-120b",Room,64,250,,
833,"1111-0031-clwa-1111",Room,65,263,,
1480,"230-5022-clwa-230",Room,68,358,,
2234,"1002-6111-clwa-1002",Room,134,476,,
1961,"2065-3142-clwa-2065",Room,128,439,,
2005,e2145hall-3212b-clwa-e2145hall,Room,129,445,,
2376,"1133-8371-clwa-1133",Room,80,493,,
1121,a138hall-113a1-clwa-a138hall,Room,17,302,,
2500,community-pv22-clwa-community,Room,148,510,,
2408,"4001-8454-clwb-4001",Room,54,237,,
681,lecture-6052-clwf-lecture,Room,40,218,,
2232,"3740-6053-clwa-3740",Room,40,219,,
2473,"251-i312-clwa-251",Room,144,505,,
801,"107-0041-clwa-107",Room,67,256,,
1833,"2372-2152-clwa-2372",Room,127,428,,
1404,"581-4005-clwa-581",Room,66,347,,
2350,"1028hall-8361-clwa-1028hall",Room,53,233,,
2396,"2101-8452-clwb-2101",Room,54,235,,
1669,c640hall-8171-clwa-c640hall,Room,120,396,,
1992,"5231-3145-clwa-5231",Room,128,442,,
2051,"2138-4022-clwa-2138",Room,130,454,,
1336,"100-3051-clwa-100",Room,96,336,,
586,plaza-2011-clwa-plaza,Room,18,183,,
1328,"844hall-3038-clwa-844hall",Room,26,332,,
1333,"162-3041-clwa-162",Room,95,334,,
1615,"131-6251-clwa-131",Room,110,378,,
1601,"343-6103-clwa-343",Room,77,376,,
1862,"3910-2223-clwa-3910",Room,22,431,,
2200,"2610-6052-clwa-2610",Room,40,218,,
827,g200-214b-clwa-g200,Room,71,262,,
867,"230hall-0412-clwa-230hall",Room,72,267,,
1176,"100-2001-clwb-100",Room,85,304,,
816,trailer2-5221-clwa-trailer2,Room,37,214,,
1008,g312hall-850b-clwa-g312hall,Room,55,288,,
1488,"288-5022-clwa-288",Room,68,358,,
2415,"4500-8454-clwa-4500",Room,54,237,,
1585,"110-6101-clwa-110",Room,77,374,,
2549,"6537-vpe1-clwa-6537",Room,158,525,,
2101,"2413Hall-5032-clwa-2413Hall",Room,74,465,,
778,"320-0023-clwb-320",Room,64,252,,
1940,"1200-3141-clwb-1200",Room,128,438,,
1983,"4231-3144-clwa-4231",Room,128,441,,
2131,-4242-5174a-clwa-4242,Room,133,472,,
715,lounge-7281-clwa-lounge,Room,48,228,,
1910,"3432-3083-clwa-3432",Room,27,435,,
2070,"5126-4025-clwa-5126",Room,130,457,,
968,b234hall-837b-clwa-b234hall,Room,80,283,,
528,conference-0071b-clwa-conference,Room,2,161,,
2090,"3111-4173-clwa-3111",Room,73,463,,
1751,"362hall-8393-clwa-362hall",Room,81,409,,
1941,"1300-3141-clwa-1300",Room,128,438,,
2288,"1070-6531-clwa-1070",Room,135,480,,
611,breezeway-3031-clwb-breezeway,Room,26,197,,
557,shopstores-0971-clwa-shopstores,Room,13,174,,
1079,a104-113a1-clwa-a104,Room,17,302,,
2495,trailer-m791-clwb-trailer,Room,147,508,,
915,M04-7231-clwa-M04,Room,78,279,,
2086,"1222-4171-clwa-1222",Room,73,461,,
1783,"2290-2132-clwa-2290",Room,126,418,,
1973,"3219-3143-clwa-3219",Room,128,440,,
1484,"267-5022-clwa-267",Room,68,358,,
1257,"121-2211-clwa-121",Room,21,191,,
679,lecture-6052-clwe-lecture,Room,40,218,,
1363,"104-4001-clwc-104",Room,66,343,,
2164,"3130-5193-clwa-3130",Room,75,475,,
1136,c211-113c2-clwa-c211,Room,17,303,,
993,"4628-0084-clwa-4628",Room,3,286,,
1524,"114-5351-clwa-114",Room,107,365,,
912,G028-721b-clwb-G028,Room,47,278,,
861,"111hall-0411-clwa-111hall",Room,72,266,,
1002,b612hall-845b-clwa-b612hall,Room,54,287,,
1926,"5235hall-3085-clwa-5235hall",Room,27,437,,
1243,"353-hall-2103-clwa-353-hall",Room,20,311,,
2439,"150-c001-clwd-150",Room,139,499,,
2242,"1070-6111-clwc-1070",Room,134,476,,
1164,a307-113a3-clwa-a307,Room,17,302,,
1109,a130-113a1-clwa-a130,Room,17,302,,
1737,"254hall-8392-clwa-254hall",Room,81,408,,
1005,g003-outside-850b-clwa-g003-outside,Room,55,288,,
925,"2020-0082-clwa-2020",Room,3,163,,
982,"4100-0084-clwa-4100",Room,3,286,,
2202,"2700-6052-clwb-2700",Room,40,218,,
851,"2076hall-0032-clwa-2076hall",Room,65,264,,
1035,"106d-1011-clwa-106d",Room,14,292,,
864,"169-0411-clwa-169",Room,72,266,,
2521,"100-t201-clwc-100",Room,151,515,,
2183,"1600-6051-clwb-1600",Room,40,217,,
2337,"1307hall-8201-clwa-1307hall",Room,79,490,,
554,electshop-0971-clwa-electshop,Room,13,174,,
639,drumsouth-5205b-clwa-drumsouth,Room,35,211,,
866,"169-0411-clwc-169",Room,72,266,,
2017,"1301-3251-clwa-1301",Room,29,200,,
587,elev-hallway-2013-clwa-elev-hallway,Room,18,184,,
1974,"3231-3143-clwa-3231",Room,128,440,,
1458,"100-5011-clwa-100",Room,106,356,,
920,"1035-0081-clwa-1035",Room,3,162,,
1119,a134a-113a1-clwb-a134a,Room,17,302,,
2397,"2200-8452-clwa-2200",Room,54,235,,
751,paciolan-9071-clwa-paciolan,Room,59,244,,
1145,a220-113a2-clwd-a220,Room,17,302,,
1797,"2240-2142-clwa-2240",Room,71,423,,
786,"420-0024-clwa-420",Room,64,253,,
1936,"1100-3141-clwc-1100",Room,128,438,,
879,"4800phall-0044-clwa-4800phall",Room,67,270,,
1939,"1200-3141-clwa-1200",Room,128,438,,
2308,"2037-7212-clwc-2037",Room,47,484,,
1536,"259hall-6002-clwa-259hall",Room,109,368,,
1878,"1141b-hallway-3081-clwa-1141b-hallway",Room,27,198,,
659,hallway-6051-clwf-hallway,Room,40,217,,
875,"4500-0044-clwa-4500",Room,67,270,,
1034,"104-1011-clwa-104",Room,14,292,,
1485,"272-5022-clwa-272",Room,68,358,,
698,buslot-6801-clwd-buslot,Room,41,220,,
2270,"3301-6113-clwa-3301",Room,134,478,,
1869,"5200-2225-clwa-5200",Room,22,433,,
2029,hallway-1001a-4011-clwa-hallway-1001a,Room,30,203,,
2382,"1363-8431-clwa-1363",Room,82,494,,
2338,"1319hall-8201-clwa-1319hall",Room,79,490,,
975,b300-839b-clwb-b300,Room,81,284,,
600,courtyard-2221-clwc-courtyard,Room,22,192,,
2187,"1700-6051-clwb-1700",Room,40,217,,
1993,"6011-3146-clwa-6011",Room,128,443,,
1230,"101-2101-clwb-101",Room,20,190,,
1522,-609-5206b-clwa-609,Room,35,212,,
1276,"163-2361-clwa-163",Room,94,323,,
1707,"222-8352-clwa-222",Room,124,406,,
903,"075hall-610b-clwa-075hall",Room,77,277,,
2550,"3300-vpp1-clwa-3300",Room,159,526,,
2011,e3116-3213b-clwa-e3161,Room,129,446,,
2444,"150-c001-clwi-150",Room,139,499,,
2001,-1102-3211b-clwa-1102,Room,129,444,,
735,hallway-8991-clwa-hallway,Room,56,239,,
1883,"1200-3081-clwd-1200",Room,27,198,,
667,lecture-6051-clwm-lecture,Room,40,217,,
1274,"100-2341-clwa-100",Room,93,322,,
2358,"2022hall-8362-clwa-2022hall",Room,53,491,,
1567,"226-6012-clwa-226",Room,39,372,,
1446,"126-4231-clwa-126",Room,104,353,,
1596,"273-6102-clwa-273",Room,77,375,,
1374,hwy210-4002-clwa-hwy210,Room,66,344,,
2078,"1100-4031-clwg-1100",Room,131,458,,
1742,"318-8393-clwa-318",Room,81,409,,
694,wellnesslab-6801-clwb-wellnesslab,Room,41,220,,
1837,"1000-2221-clwa-1000",Room,22,192,,
2224,"3600-6053-clwb-3600",Room,40,219,,
734,automation-trai-8991-clwa-automation-trai,Room,56,239,,
1304,"458-3024-clwa-458",Room,25,325,,
1865,"4500-2224-clwa-4500",Room,22,432,,
2013,w3318hall-3213a-clwa-w3318hall,Room,129,446,,
1206,"129-2021-clwa-129",Room,86,306,,
808,"223-0042-clwa-223",Room,67,257,,
2231,"3730-6053-clwa-3730",Room,40,219,,
2524,"100-t201-clwf-100",Room,151,515,,
1408,"100-4111-clwc-100",Room,101,348,,
1175,"100-2001-clwa-100",Room,85,304,,
1651,"158-8101-clwa-158",Room,117,392,,
1804,"3260-2143-clwa-3260",Room,71,424,,
1114,-c133a-113c1-clwa-c133a,Room,17,303,,
2129,-3403-5173b-clwb-3403,Room,133,471,,
2007,w2321hall-3212a-clwa-w2321hall,Room,129,445,,
1215,"206-2022-clwa-206",Room,86,307,,
930,"2060hall-0082-clwa-2060hall",Room,3,163,,
1479,"226-5022-clwa-226",Room,68,358,,
2006,"0-3212a-clwa-s2233",Room,129,445,,
1152,a229-113a2-clwb-a229,Room,17,302,,
1082,a105-113a1-clwb-a105,Room,17,302,,
598,courtyard-2221-clwa-courtyard,Room,22,192,,
1158,a235-113a2-clwa-a235,Room,17,302,,
1025,"5800-0085-clwc-5800",Room,3,164,,
1840,"1200-2221-clwa-1200",Room,22,192,,
1568,"231-6012-clwa-231",Room,39,372,,
1430,"120-4151-clwa-120",Room,103,351,,
1517,-489-5204a-clwa-489,Room,35,210,,
823,-151-0071b-clwa-151,Room,2,161,,
1399,"513-4005-clwa-513",Room,66,347,,
2420,"1311hall-8501-clwa-1311hall",Room,55,238,,
732,hall-8454-clwb-hall,Room,54,237,,
807,"222-0042-clwa-222",Room,67,257,,
1189,"228-2012-clwa-228",Room,18,305,,
1270,"201-2312-clwa-201",Room,91,320,,
657,hallway-6051-clwe-hallway,Room,40,217,,
731,hall-8454-clwa-hall,Room,54,237,,
2475,"250-i312-clwb-250",Room,144,505,,
2363,"2111-8362-clwa-2111",Room,53,491,,
2330,"3229-7273-clwa-3229",Room,136,488,,
2140,"1200-5191-clwd-1200",Room,75,473,,
869,b214-417b-clwa-b214,Room,73,268,,
1623,"128-7131-clwa-128",Room,46,226,,
1392,hwy440-4004-clwa-hwy440,Room,66,346,,
1323,"649hall-3036-clwa-649hall",Room,26,330,,
819,"105-0061-clwa-105",Room,70,260,,
881,b213hall-503b-clwa-b213hall,Room,74,271,,
1461,"100-5011-clwd-100",Room,106,356,,
2344,"2214hall-8202-clwa-2214hall",Room,79,398,,
2447,"200-c042-clwa-200",Room,139,500,,
2088,"2214-4172-clwa-2214",Room,73,462,,
643,bunker-5221b-clwa-bunker,Room,37,214,,
607,mdf-3021-clwa-mdf,Room,25,195,,
2441,"150-c001-clwf-150",Room,139,499,,
2252,"2020-6112-clwa-2020",Room,134,477,,
2145,"1200-5191-clwi-1200",Room,75,473,,
1627,"143-7151-clwa-143",Room,112,382,,
2061,"3400-4023-clwa-3400",Room,130,455,,
2083,"1900-4041-clwa-1900",Room,132,459,,
1294,"249-3022-clwa-249",Room,25,196,,
1279,"172-2361-clwa-172",Room,94,323,,
2489,"4-ich1-clwa-04",Room,145,506,,
1481,"236-5022-clwa-236",Room,68,358,,
2227,"3700-6053-clwa-3700",Room,40,219,,
1986,"5051-3145-clwa-5051",Room,128,442,,
1806,"3311-hallway-2143-clwa-3311-hallway",Room,71,424,,
2296,"4024hall-6534-clwa-4024hall",Room,135,483,,
2026,"3100-3253-clwa-3100",Room,29,201,,
629,drumSouth-5202b-clwa-drumSouth,Room,35,209,,
1310,"204-3032-clwa-204",Room,26,326,,
2537,servkitchen-tuh1-clwa-servkitchen,Room,152,517,,
1325,"702hall-3037-clwa-702hall",Room,26,331,,
648,lecture-6051-clwa-lecture,Room,40,217,,
774,"304-0023-clwa-304",Room,64,252,,
2431,"201-a012-clwa-201",Room,138,498,,
892,b340-519b-clwa-b340,Room,75,272,,
2003,"3403-3211b-clwa-e1141",Room,129,444,,
1451,"101-4501-clwa-101",Room,105,354,,
1656,"381b-8122-clwa-381b",Room,50,394,,
784,"408-0024-clwa-408",Room,64,253,,
1504,-160-5201a-clwa-160,Room,35,363,,
595,lobby-2101-clwa-lobby,Room,20,190,,
1738,"264hall-8392-clwa-264hall",Room,81,408,,
585,bookst-113b2-clwa-bookst,Room,17,182,,
1007,g213-outside-850b-clwa-g213-outside,Room,55,288,,
1227,"102-2031-clwa-102",Room,87,309,,
859,b112-401b-clwa-b112,Room,30,265,,
2076,"1100-4031-clwe-1100",Room,131,458,,
1576,"340-6013-clwa-340",Room,39,373,,
1925,"5232hall-3085-clwa-5232hall",Room,27,437,,
2199,"2600-6052-clwb-2600",Room,40,218,,
1775,"3120-2113-clwa-3120",Room,6,414,,
1045,"400-1024-clwc-400",Room,5,179,,
2354,"1128-8361-clwa-1128",Room,53,233,,
746,switchroom-9022-clwa-switchroom,Room,58,242,,
1509,-311-5203b-clwa-311,Room,35,364,,
2346,"1000-8361-clwa-1000",Room,53,233,,
1726,"200-8392-clwa-200",Room,81,408,,
2019,"1400-3251-clwa-1400",Room,29,200,,
811,"140hall-0051-clwa-140hall",Room,1,160,,
1916,"4131-3084-clwa-4131",Room,27,436,,
882,b302hall-503b-clwa-b302hall,Room,74,271,,
1689,"111-8351-clwa-111",Room,124,405,,
2285,"1030-6531-clwa-1030",Room,135,480,,
1184,"155a-2011-clwa-155a",Room,18,183,,
1042,"396hall-1023-clwa-396hall",Room,5,178,,
2433,"214-a012-clwa-214",Room,138,498,,
1881,"1200-3081-clwb-1200",Room,27,198,,
2321,"3201-7213-clwb-3201",Room,47,485,,
1220,"270-2022-clwa-270",Room,86,307,,
2377,"1042-8431-clwa-1042",Room,82,494,,
1614,"130-6251-clwa-130",Room,110,378,,
1640,"316-7263-clwa-316",Room,115,389,,
1809,"4210-2144-clwa-4210",Room,71,425,,
927,"2040-0082-clwa-2040",Room,3,163,,
1178,"100-2001-clwd-100",Room,85,304,,
1003,b623hall-845b-clwa-b623hall,Room,54,287,,
904,"85-610b-clwa-085",Room,77,277,,
804,"212hall-0042-clwa-212hall",Room,67,257,,
1382,"307-4003-clwa-307",Room,66,345,,
2152,"2013hallway-5192-clwa-2013hallway",Room,75,474,,
2172,-6129hall-5206b-clwa-6129hall,Room,35,212,,
2361,"2094-8362-clwa-2094",Room,53,491,,
987,"4280hall-0084-clwa-4280hall",Room,3,286,,
1655,"354hall-8122-clwa-354hall",Room,50,394,,
1054,"117-1111-clwa-117",Room,63,295,,
1532,"173-6001-clwa-173",Room,109,367,,
1357,"101-4001-clwa-101",Room,66,343,,
2245,"1127-6111-clwa-1127",Room,134,476,,
1090,c107-113c1-clwb-c107,Room,17,303,,
2244,"1121-6111-clwa-1121",Room,134,476,,
2471,"200-i312-clwa-200",Room,144,505,,
1194,"442-2014-clwa-442",Room,18,185,,
890,b320-519b-clwa-b320,Room,75,272,,
1342,"110-3051-clwa-110",Room,96,336,,
1464,"100-5011-clwg-100",Room,106,356,,
761,"100-0021-clwb-100",Room,64,250,,
720,mdf-8251-clwa-mdf,Room,51,231,,
2488,"3-ich1-clwa-03",Room,145,506,,
1870,"5300-2225-clwa-5300",Room,22,433,,
1895,"2217-3082-clwa-2217",Room,27,434,,
1518,-571-5205a-clwa-571,Room,35,211,,
2170,"3400-5193-clwc-3400",Room,75,475,,
583,bookstore-113b1-clwa-bookstoredock,Room,17,182,,
2505,"134-t001-clwa-134",Room,150,513,,
1919,"4213-3084-clwa-4213",Room,27,436,,
1371,"188-4001-clwa-188",Room,66,343,,
1367,"127-4001-clwa-127",Room,66,343,,
794,b68-400b-clwa-b68,Room,66,255,,
2093,"1114Hall-5031-clwa-1114Hall",Room,74,464,,
1991,"5219-3145-clwa-5219",Room,128,442,,
952,L001-836b-clwa-L001,Room,53,282,,
